importedUrlDomain,sites,requests
googleapis.com,1.691.814,3.086.742
typekit.net,295.895,382.413
fontawesome.com,72.448,92.752
jimstatic.com,36.302,79.313
bootstrapcdn.com,35.179,39.330
cloudflare.com,30.208,42.661
jsdelivr.net,23.547,30.588
mailerlite.com,16.552,18.934
cloudfront.net,14.639,33.356
fonts.net,14.621,18.316
daumcdn.net,14.522,16.591
yotpo.com,11.595,11.669
v15cdn.com,9.448,19.088
bunny.net,7.918,8.431
cdnfonts.com,7.644,10.752
extra-cdn.com,7.242,7.262
imweb.me,6.819,12.547
editmysite.com,6.547,16.741
menudino.com,4.924,5.214
jotfor.ms,4.921,7.870
amazonaws.com,4.254,14.167
unpkg.com,3.992,4.900
rawgit.com,3.596,4.947
jimcdn.com,3.505,4.561
example.com,3.299,6.352
tlintegration.ru,3.004,4.019
ticimax.cloud,2.531,5.303
github.io,2.346,3.585
ionicframework.com,2.236,2.363
meb.k12.tr,2.203,2.203
zohocdn.com,2.189,2.202
rsms.me,2.066,2.286
edlioschool.com,1.972,2.360
sante.pro,1.773,1.773
qualtrics.com,1.728,1.728
blog.hu,1.714,3.427
drivecentric.com,1.592,1.611
mmcdn.com,1.547,4.643
azureedge.net,1.486,3.516
arcgis.com,1.483,2.674
bohemiasoft.com,1.479,1.480
st-hatena.com,1.474,1.492
verwaltungsportal.de,1.413,1.811
weebly.com,1.327,1.402
ekmsecure.com,1.310,1.310
typepad.com,1.260,9.134
raku-uru.jp,1.218,1.237
shopify.com,1.140,3.107
meb.gov.tr,1.125,2.295
saglik.gov.tr,1.118,9.351
spazioweb.it,1.030,1.037
webtech.com.tw,984,2.950
municipalonlinepayments.com,966,966
weloveiconfonts.com,964,1.067
onlinewebfonts.com,963,1.271
egorealestate.com,959,2.875
chiens-de-france.com,845,943
dirs21.de,808,823
leadoo.com,802,1.358
maateen.me,771,853
myfonts.net,771,913
reviewmgr.com,766,1.892
tenping.kr,738,790
praktijkinfo.nl,723,2.505
local-marketing-reports.com,717,3.315
clientify.net,707,830
sakura.ne.jp,698,2.287
sixshop.com,694,13.365
imbox.io,691,722
anyline.co.kr,689,2.510
dcourts.gov.in,679,679
dealereprocess.org,679,773
ekb.eg,658,1.225
newscanshared.com,653,2.736
boostkit.dev,637,10.791
wpenginepowered.com,618,1.285
spoton.com,615,19.680
site-builder.jp,603,604
mercedes-benz.com,597,2.962
donorbox.org,589,589
marsflag.com,576,768
linearicons.com,572,599
churchdesk.com,555,555
ticket.io,552,554
blackboardcdn.com,544,1.632
gem2go.page,540,647
sharpschool.com,539,1.076
hulkapps.com,539,1.078
ufsc.br,524,535
hopenapi.com,522,809
edusite.ru,521,1.645
icons8.com,505,669
eadplataforma.app,500,9.000
igetweb.com,498,3.130
google.com,492,596
b-cdn.net,487,1.703
bigcommerce.com,485,572
popify.app,478,479
portal.gov.bd,476,481
grainajz.com,474,1.441
chayns-static.space,469,1.142
dejobs.org,452,452
wp.com,447,674
rakuten.co.jp,439,468
typography.com,431,659
gstatic.com,431,441
sportngin.com,429,2.120
e-lyco.fr,427,2.135
myregisteredsite.com,418,958
fonts.com,417,450
easy-myshop.jp,410,1.804
skoda-auto.de,401,401
sidearmsports.com,401,857
azurewebsites.net,388,4.381
irins.org,382,1.910
bibliocommons.com,380,814
qzin.jp,377,385
icomoon.io,373,659
zlcdn.com,370,372
praca.gov.pl,354,2.829
myfontastic.com,354,360
flaticon.com,352,1.167
jcyl.es,349,350
hamazo.tv,340,1.363
strato-editor.com,340,3.740
iconscout.com,339,360
archive.org,330,636
actionnetwork.org,326,332
bitrix24.site,325,650
upsale.app,319,375
memfirstweb.net,319,319
bitfan.id,318,1.592
u-komi.com,317,1.268
darwinbox.in,309,618
sirsi.net,307,720
jquery.com,306,506
opd-dws.de,306,1.224
socastcms.com,303,940
oneallcdn.com,302,314
Googleapis.com,300,308
weatherlink.com,300,300
spb.ru,298,892
secureserver.net,294,687
usercontent.one,290,722
fandom.com,288,844
getpodpage.com,287,288
cdn-tinkoff.ru,286,286
vareminnesider.no,281,281
cineca.it,280,3.493
kross.travel,278,278
readthedocs.io,276,318
dvinci-easy.com,274,861
nitrocdn.com,272,443
websitepro-cdn.com,267,290
hotel.cz,265,265
membershiptoolkit.com,263,267
sch.gr,262,427
tn.edu.tw,261,4.481
kekastatic.net,260,260
datatables.net,257,312
n-va.be,254,508
snapfit.co.kr,254,311
home.pl,252,265
unito.it,252,1.050
ehc.com,251,1.018
windows.net,250,668
hotelsystems.pl,248,853
quotemedia.com,243,243
smartonlineorder.com,243,996
memberclicks.net,242,2.438
promportal.su,239,939
pressablecdn.com,239,492
virtuagym.com,236,472
rtsp.me,235,255
nubex.ru,235,444
princeton.edu,235,691
coreware.com,235,592
renault.cz,235,470
my-groom-service.com,233,1.694
fotop.com.br,232,468
ticimax.com,232,250
worldsoft-cms.info,230,242
pipdigz.co.uk,230,232
lp9.ru,229,229
emb-japan.go.jp,224,1.571
hubspotusercontent-na1.net,224,417
gastrogate.com,223,448
forumstatic.ru,223,518
classforkids.io,221,221
seekda.com,219,247
ko-fi.com,218,220
showcasegalleries.io,217,221
mobiliagestion.es,216,237
shop-pro.jp,213,715
fontshare.com,212,259
betterplace.org,208,208
network.hu,207,1.449
tyc.edu.tw,206,3.602
symplicity.com,204,205
flog.pl,204,610
spaceks.net,201,603
hubspot.net,200,371
andteacher.jp,199,796
sapo.pt,198,203
tableau.com,197,591
webfonts.ru,195,334
smoothcontact.jp,195,8.970
fc2.com,194,437
q4cdn.com,193,243
site-media.eu,192,402
mamap.co.kr,191,627
hse.ru,191,859
eschoolsolutions.com,190,3.040
raxcdn.com,189,580
ifdo.co.kr,188,188
autogari.ro,188,376
securewebbookings.com,184,368
gianhangvn.com,183,912
hypnoweb.net,180,1.793
web4business.de,179,266
networkforgood.com,179,358
bdtickets.com,178,1.068
mlcdn.com,178,205
recras.nl,177,708
tatarstan.ru,177,1.312
jumpseller.com,176,479
fupa.net,176,362
mapbox.com,173,307
ucsd.edu,173,232
makeshop.jp,173,793
osu.edu,172,218
dwcdn.net,171,514
solutiocdn.com,171,171
font.im,171,184
ffcam.fr,170,1.435
allfont.ru,169,227
dvipcdn.com,168,168
kalisport.com,168,336
infobip.com,168,169
uni-stuttgart.de,166,662
open-system.fr,166,551
hoststar.ch,165,167
clarip.com,163,228
chirurgiens-dentistes.fr,163,3.100
bindsite.jp,163,995
yonsei.ac.kr,162,667
e-podroznik.pl,161,349
itembox.design,160,718
wdfiles.com,159,755
lausd.org,158,158
cafe24.com,157,348
tarad.com,156,4.931
gov.hu,153,314
alicdn.com,153,286
myguru.ru,152,304
saitama-city.ed.jp,152,1.414
fontlibrary.org,152,185
cap.ru,152,520
wikidot.com,151,270
web-view.net,150,181
blog4ever.com,150,150
speakcdn.com,149,347
sm360.ca,149,155
uk.com,148,356
storenvy.com,148,148
ti-da.net,147,586
kxcdn.com,147,312
bohemiasoft.cz,145,145
unam.mx,144,457
hida-ch.com,142,568
matchpoint.com.es,142,142
taichung.gov.tw,141,2.648
governmentwindow.com,139,139
meinungsmeister.de,139,141
greensoft.mn,138,1.426
learnyst.com,138,463
loobig.co.kr,138,138
thanhhoa.gov.vn,137,1.339
cdn.es.gov.br,137,137
allmarketing.com.tw,137,274
housedo.com,137,137
kirche-bamberg.de,136,2.976
telangana.gov.in,136,1.919
wsu.edu,136,142
gouv.qc.ca,133,564
orderport.net,133,143
doklist.com,133,133
firat.edu.tr,132,150
sprocketsports.com,132,659
cyc.edu.tw,131,2.447
sigacrm.com.br,130,1.135
justiz-bw.de,130,910
hondadealers.com,130,130
sakarya.edu.tr,129,512
brightcove.com,129,146
nextchapter-ecommerce.com,129,211
jotform.com,129,304
tlintegration.com,129,175
paykeeper.ru,128,128
gemeinsam-trauern.net,128,132
leadconnectorhq.com,128,128
onskeskyen.dk,128,128
ivalue.jp,127,254
chambermaster.com,127,508
spotapps.co,127,130
blogabet.com,127,381
esic.gov.in,127,715
abicart.com,126,144
mg.leg.br,125,1.070
com.ru,125,337
oenskeinspiration.dk,124,124
uq.edu.au,124,130
univalle.edu.co,124,147
smp-it-media.de,124,608
ufu.br,124,343
jogjakota.go.id,123,488
modix.de,123,149
servefilesonly.com,123,123
vtex.com.br,123,123
archtoronto.org,122,122
fortraders.org,121,714
korea.ac.kr,121,309
dubuplus.com,121,356
book-onlinenow.net,121,121
profitroom.com,121,121
clubexpress.com,121,1.103
pcdn.co,120,173
aspendiscovery.org,120,600
visca-demo.work,120,268
icehs.kr,120,900
ipn.mx,119,142
pusan.ac.kr,117,1.727
krakow.pl,117,214
easy-rez.com,116,324
cdnjs1.com,116,232
mektebi.kz,116,116
getabetterbrowser.com,115,232
niceboard.co,115,115
maptons.com,114,342
ows-cdn.com,114,1.710
gonationsites.com,114,1.572
url.tw,113,191
cvcrm.com.br,113,339
rchuv.ru,113,890
honlap.hu,113,334
altervista.org,113,367
estateweb.com,112,267
sharepointonline.com,112,112
arizona.edu,112,201
ll-send.com,112,112
tylertech.com,111,116
rmissecure.com,111,111
powerschool.com,111,1.269
superszkolna.pl,111,446
familynet.or.kr,110,441
neoncrm.com,110,1.155
exactdn.com,109,360
dnepredu.com,109,1.417
diyanet.gov.tr,109,1.685
ovgu.de,109,3.576
ufba.br,108,1.618
neemo.com.br,108,749
rfu.club,107,107
futbolowo.pl,107,214
eviivo.media,107,107
uitm.edu.my,106,506
skku.edu,106,739
scholantisschools.com,106,112
topdesk.net,106,212
lovatel.com.br,106,106
cefetmg.br,106,410
allfont.net,105,132
cliniko.com,105,105
phenompeople.com,105,187
locable.com,105,112
ntpc.gov.tw,105,1.332
achieveservice.com,105,315
cnc-interceptor.com,104,104
viteunsite.com,104,205
nkpmedical.com,104,200
globres.io,104,538
optimale-praesentation.de,104,526
menighet.no,104,104
skiperformance.com,103,412
sharedh.com,103,723
uca.es,103,103
icems.kr,103,769
fontstorage.com,103,135
system-connection.com,102,119
wsimg.com,102,102
highcharts.com,102,115
djsch.kr,102,211
itu.edu.tr,102,289
openticket.tech,101,175
modacentersantacruz.com.br,101,101
torayche.com,100,1.600
myposun.com,100,1.600
tn.gov.in,99,753
page4.com,99,99
bookingexpert.it,99,99
nikka-home.co.jp,98,388
jne.kr,97,681
nxedge.io,97,195
educacao.sp.gov.br,96,193
ednet.jp,96,96
creativecirclecdn.com,96,99
colibex.com.br,96,1.344
ufpa.br,95,126
queropassagem.com.br,95,187
uni-halle.de,95,658
vagas.co.il,95,96
lineicons.com,95,98
mediatagtw.com,94,846
tlintegration-as.com,94,128
reviews.io,94,102
zwemscore.nl,94,94
animaapp.com,93,99
activitar.com,93,370
recruiter.co.kr,93,1.488
hrsmart.com,92,2.208
ready-market.com,92,1.025
nsw.gov.au,92,190
umd.net,92,205
kangwon.ac.kr,92,524
usp.br,91,205
spawtz.com,91,91
jbnu.ac.kr,91,1.790
toshin.com,90,90
eliberty.fr,90,90
welcomekit.co,90,90
referentme.win,90,990
io-media.com,90,543
igetcdn.com,90,630
witei.com,90,180
axess.shop,89,89
glofox.com,89,203
polarislibrary.com,89,1.691
tlintegration-eu.com,88,129
ufrj.br,88,151
es-ws.jp,88,176
hwntcdn.com,87,87
ailead365.com,87,783
ibu.edu.tr,87,346
main.jp,87,267
mobilis.co.kr,87,98
exlibrisgroup.com,87,360
sabacloud.com,86,94
coop.ch,86,426
yinqingli.net,86,288
materialdesignicons.com,86,87
embassy.gov.au,86,946
uok.edu.in,85,1.615
duzuhem.com,85,1.360
rocketcdn.me,85,151
pagegear.co,85,170
norennoren.jp,85,170
hanyang.ac.kr,85,560
goehs.kr,84,421
autodromo.app,84,225
zavedenia.com,84,192
imediasystems.es,84,99
lakesonline.com,84,334
eshop-do.com,84,1.000
talkwithlead.com,84,84
uwc.org,84,84
thaiembassy.org,84,168
dla.go.th,84,608
mmcdn.de,84,162
mikrono.com,84,168
seattleschools.org,83,83
cnu.ac.kr,83,390
sletat.ru,83,257
hpage.com,83,167
quick18.com,82,162
aci.it,82,585
w3schools.com,82,159
plzen.eu,82,110
squarespace.com,82,109
showare.com,82,171
trav3l.net,82,197
websitesekolah.my.id,82,574
uga.edu,81,182
pr.leg.br,80,734
civiclive.com,80,190
nmsu.edu,80,82
web.tv,80,80
insales-cdn.com,79,230
um.dk,79,2.517
grandculture.net,79,84
rgsyazilim.com,79,395
iuc.edu.tr,79,233
autodealers.nl,79,324
talent.com,79,314
secure-platform.com,79,1.593
1e128.net,79,80
rnova.org,79,79
peoplestrong.com,79,778
autofast.vip,78,78
vandervalkonline.com,78,153
nemtilmeld.dk,78,78
simplybook.it,78,89
rutgers.edu,77,157
xinikuh.com,77,1.232
another-world.com,77,1.111
uk.gov.in,76,228
audi.com,76,76
ymcart.com,76,228
arnes.si,76,87
hyperwallet.com,76,456
lgaccount.com,75,75
kemdikbud.go.id,75,555
pages.dev,75,201
foxorders.com,75,375
refuges-montagnes.fr,75,75
takadanobaba-seitai.com,75,525
medeniyet.edu.tr,75,75
cloudswiftcdn.net,75,150
zohopublic.com,75,75
ownlocal.com,75,225
afy.ru,75,75
cornell.edu,75,160
puebla.gob.mx,75,217
ciditools.com,74,559
newscanpgshared.com,74,531
qr-cafe.ru,74,148
ecampuz.com,74,74
typotheque.com,74,96
cloudinary.com,74,121
raintreeinc.com,74,74
closte.com,73,179
kmu.edu.tw,73,370
koto.ed.jp,73,292
mybrightsites.com,73,618
swanlibraries.net,73,365
game-cmr.com,73,73
cpd.go.th,73,146
campuslogin.com,73,73
demosphere-secure.com,73,876
caprinospizza.co.uk,72,214
sigastr.com.br,72,596
eshizuoka.jp,72,290
unand.ac.id,72,192
tricept.de,72,112
ambrahealth.com,72,360
expertini.com,72,792
hawksearch.com,71,204
giresun.edu.tr,71,284
goalline.ca,71,71
ua.edu,71,160
cervantes.es,71,1.765
pasco.k12.fl.us,71,71
przelewy24.pl,71,83
allnetconnect.ca,71,71
kendalkab.go.id,71,567
mypolycc.edu.my,71,373
neowauk.com,71,71
wbnusystem.net,71,96
mhand.ru,70,560
gastroguide.de,70,78
goesn.kr,70,282
samodelkin-mag.ru,70,70
journity.com,70,71
ewha.ac.kr,70,593
pstatic.net,70,155
ds-destinationsolutions.com,70,70
parisnanterre.fr,70,139
inha.ac.kr,70,1.397
fireside.fm,69,205
u-tokyo.ac.jp,69,222
hidalgo.gob.mx,69,142
lekumo.jp,69,96
photoshelter.com,69,78
erdogan.edu.tr,69,370
ku.edu.tr,69,71
kinmaku-m.com,68,476
fcadealerdigitalprogram.com,68,204
apptegy.net,68,101
githack.com,68,76
syncfusion.com,68,99
klu.edu.tr,68,822
bindcloud.jp,68,310
websiteseguro.com,67,79
bestbiz.jp,67,67
bexter.fr,67,283
ufop.br,67,1.669
wiara.org.pl,66,119
evaluationkit.com,66,66
proofly.io,66,66
forms.app,66,66
bibliotheca-open.de,66,219
wizform.co.kr,66,206
free.fr,66,247
inoovum.io,66,190
seoultech.ac.kr,65,860
inrae.fr,65,131
netlify.app,65,228
seoul.go.kr,65,230
ubc.ca,65,123
allopass.com,65,65
talention.com,65,187
ups.edu.ec,64,64
snu.ac.kr,64,245
sp.leg.br,64,576
hearthis.at,64,284
roundrockisd.org,64,64
textalk.se,64,89
billingdoc.net,64,64
vteximg.com.br,64,126
hubspot.com,64,75
una.ac.cr,64,80
esmsv.com,64,64
fora.pl,64,65
century21.com.au,63,63
quilljs.com,63,117
aeonkyushu.com,63,189
gromada.org.ua,63,63
goegy.kr,63,316
fitmachen.com,63,63
spydus.co.uk,63,63
avocat.fr,63,126
newebcreations.com,62,372
pknu.ac.kr,62,2.691
ninhbinh.gov.vn,62,761
mybb.ru,62,62
thecrm.com,62,278
dld.go.th,62,63
bmw.jp,62,62
fastly.net,62,62
academic.lat,62,62
dotzilla-web.de,62,348
gumushane.edu.tr,62,245
newsharedh.com,62,444
recliquecore.com,61,122
tp.edu.tw,61,422
alireviews.io,61,62
darwinbox.com,61,122
unc.edu,61,99
kongju.ac.kr,61,88
openhiun.com,61,63
awardspring.com,61,61
paid.jp,61,122
podeli.ru,61,135
ufla.br,60,60
sirsidynix.net,60,155
addsite.nl,60,60
bitrix24site.ru,60,120
taleo.net,60,284
data-8.co.uk,60,61
thainguyen.gov.vn,60,5.561
liveklass.com,60,60
docvitae.fr,60,103
jnu.ac.kr,60,84
ashita-sanuki.jp,60,240
traveltool.es,60,60
smilegeneration.com,60,60
hlc.edu.tw,59,1.159
github.com,59,64
metro.ed.jp,59,118
cantt.gov.in,59,59
practicenumbers.com,59,59
lvr.de,59,208
agel.cz,59,431
hotelrunner.com,59,183
recruitology.com,59,472
konkuk.ac.kr,59,811
empori.se,59,59
educadventista.org,59,59
klasna.com,59,767
digitaloceanspaces.com,58,374
labour.go.th,58,95
housingmanager.com,58,58
konviva.com.br,58,60
thefa.com,58,68
myradiostream.com,57,57
testimonialtree.com,57,57
kerala.gov.in,57,336
fireant.vn,57,282
seed.pr.gov.br,57,57
escapia.com,57,866
realityexport.sk,57,57
ssl-lolipop.jp,57,422
narod.ru,56,71
vilkas.fi,56,112
ruspravochnik.com,56,56
fourvenues.com,56,280
coteparticuliers.com,56,56
cm4all.net,56,328
hessen.de,56,97
u-bordeaux.fr,56,129
mos.ru,56,424
kentaa.nl,55,312
berkeley.edu,55,296
musictoday.com,55,112
botpress.cloud,55,55
yahooapis.com,55,74
qandle.com,55,220
vnpt-invoice.com.vn,54,162
seksfilmgratis.com,54,54
alaxione.fr,54,54
cerkov.ru,54,56
dopc.cz,54,54
dhamma.org,54,119
gratisseksfilm.com,54,54
dktcdn.net,54,81
nlsexfilms.net,54,54
neukenfilm.net,54,54
erotischefilmpjes.net,54,54
kyoto-u.ac.jp,54,175
myaestheticrecord.com,54,54
filmserotiek.com,54,54
nederlandsesexfilm.net,54,54
vtexassets.com,54,93
gantep.edu.tr,54,162
dongthap.gov.vn,54,602
hkust.edu.hk,54,102
meisjeneuken.net,54,54
uniwa.gr,54,61
kostenlosereifefrauen.com,53,53
tomundpoolee.com,53,53
schools.ac.cy,53,143
poznan.pl,53,141
gofin.pl,53,119
gatech.edu,53,114
leadgenic.ru,53,73
cincopa.com,53,55
cnehs.kr,53,53
pllcfiles.com,52,203
goegh.kr,52,260
jpn.com,52,290
vinhlong.gov.vn,52,277
smartboleta.com,52,52
xn--b1agiaakcdcvfl.xn--p1ai,52,52
mpinfo.org,52,520
getcourse.ru,52,187
amamin.jp,52,208
bjyyb.net,52,52
findhelp.com,52,53
ox.ac.uk,52,113
i-ra.jp,52,208
spydus.com,52,55
bnamic.com,51,86
rtautomotriz.com,51,51
riskommunal.net,51,102
silverlib.fr,51,105
sirsidynix.net.uk,51,134
plumb5.com,51,68
rs.leg.br,51,506
portalfacil.com.br,51,164
days.ne.jp,51,291
wayforpay.shop,51,51
fsm.edu.tr,51,684
eurofins.com,51,52
unas.hu,51,285
ntu.edu.tw,50,188
propertybrokers.co.nz,50,250
bookiopro.com,50,50
utoronto.ca,50,105
va.gov,50,125
bitstop.ru,50,50
wiki.gg,50,110
ct.tr,50,159
ondanomalaweb.it,50,56
kaist.ac.kr,50,279
xdineapp.com,50,50
cnu.edu.tw,50,347
ccas.fr,50,57
uniteinteractive.com,50,90
cportal.it,49,97
portaleamministrazionetrasparente.it,49,49
jp.net,49,194
ownerlistens.com,49,49
scolaire.photo,49,245
zencdn.net,49,50
tarsus.edu.tr,49,193
impower.solutions,49,49
eaglesoftware.com.au,49,163
univ-tlse2.fr,49,51
ac-reunion.fr,49,97
ctpprojects.com,49,97
goegn.kr,49,246
educacao.mg.gov.br,49,245
tu-tu.ru,49,199
vivaticket.it,49,54
canvayo.com,48,82
aiaibot.com,48,48
sbcounty.gov,48,48
t8s.ru,48,48
mgstatic.net,48,54
ctu.edu.vn,48,69
goebc.kr,48,240
plyr.io,48,50
resasecure.net,48,96
varaminnessidor.se,48,48
rabota.md,48,48
smu.edu.sg,48,79
wroc.pl,47,96
mt.leg.br,47,367
indestructibletype.com,47,50
msk.ru,47,125
okna-plastikovyye.ru,47,423
mestoescorta.icu,47,47
esri.com,47,139
sfstatic.io,47,93
ulisboa.pt,47,207
educationalnetworks.net,47,51
ari-build.com,47,65
useso.com,47,67
govmetric.com,47,69
politiaromana.ro,46,92
lapentor.com,46,66
usu.ac.id,46,772
sitecorecontenthub.cloud,46,50
goeyi.kr,46,231
wisc.edu,46,93
getbento.com,46,46
flexxis.nl,46,92
1000ps.net,46,113
sesamehub.com,46,46
tomsk.ru,46,110
easyname.com,46,46
xsrv.jp,46,195
mediatheques.fr,46,92
elaws.us,46,146
,45,294
mdsperf.net,45,45
croix-rouge.fr,45,47
sochi-schools.ru,45,118
ucoz.ru,45,88
vt.edu,45,241
psu.edu,45,93
criterionhcm.com,45,45
al.leg.br,45,220
octime.net,45,45
na-viezd-online.ru,45,90
cvwarehouse.com,45,82
googleusercontent.com,45,48
net.ru,45,173
kiosk.vision,45,225
bg.ac.rs,45,123
sharetribe.com,45,90
3dcartstores.com,45,45
realgeeks.media,45,56
uniovi.es,45,874
lgaq.digital,45,49
pitbikemarket.ru,45,135
fallcoaste.it,44,88
gen.hs.kr,44,95
harats.com,44,88
ajou.ac.kr,44,273
saccounty.gov,44,345
du.ac.in,44,169
schoolwires.net,44,44
mozilla.net,44,44
meuimobisite.com.br,44,44
goeay.kr,44,221
hawaii.gov,44,177
sinica.edu.tw,44,100
ibooking.no,44,88
umsa.bo,43,86
poli.digital,43,43
rtve.es,43,379
banket.ru,43,172
ieee.org,43,45
ladies-cdn.de,43,59
simplybook.me,43,48
securetravelpayments.com,43,43
gov.na,43,44
3wm.de,43,91
shoutcms.net,43,44
endress.com,43,129
reference-syndicale.fr,43,43
tenor.com,43,128
balikpapan.go.id,43,220
lex4web.app,43,301
tableo.com,43,43
einformatii.ro,43,86
tlintegrationfb-eu.com,43,65
about.co.kr,43,66
uefs.br,42,85
dellin.ru,42,46
tayninh.gov.vn,42,335
sirsidynix.net.au,42,115
ulsan.ac.kr,42,3.808
salesianos.edu,42,43
integritygis.com,42,42
catholic.ac.kr,42,242
finn.pl,42,42
crazybrothers.ru,42,42
benefitfocus.com,42,126
ifvirty.com,42,510
tsukuba.ac.jp,42,207
blogg.se,42,49
bandirma.edu.tr,42,42
peopleforce.io,42,462
ozal.edu.tr,42,250
tuboleta.com,42,160
sagafan.jp,42,168
thcdn.com,42,42
hrintouch.com,42,82
dadeschools.net,42,252
ngin.com,42,58
hunet.co.kr,41,159
almatybala.kz,41,41
mans.edu.eg,41,260
fontify.me,41,48
hanoi.gov.vn,41,212
cps.edu,41,165
unina.it,41,3.418
chachar.cz,41,82
goept.kr,41,166
churchservices.tv,41,41
fara.sk,41,930
cdnpt.com,41,65
ca.gov,41,181
incentrev.com,41,164
mokesta.lt,41,41
vercel.app,41,162
bootcss.com,40,52
pp.ua,40,159
poder-judicial.go.cr,40,93
web.app,40,112
donga.ac.kr,40,176
kenkyuukai.jp,40,120
alschool.kz,40,40
bingol.edu.tr,40,78
xverify.com,40,73
propertyware.com,40,40
wpengine.com,40,226
fitnessboutique.fr,40,240
tusd1.org,40,197
polytech.gov.bd,40,40
nhi.go.kr,40,42
eventsair.com,40,176
bootcdn.net,40,71
uobasrah.edu.iq,40,276
uoc.ac.in,40,192
hotels-online-buchen.de,40,40
mit.edu,40,79
loli.net,40,60
mpt.mp.br,40,40
mobilebuilder.net,39,624
volcanic.cloud,39,41
bytecdntp.com,39,52
docteur-it.com,39,271
tunegenie.com,39,82
p-kit.com,39,134
inu.ac.kr,39,516
lublin.pl,39,135
renoweb.dk,39,663
chambre-agriculture.fr,39,39
axisdbm.com,39,39
tcm.tw,39,486
sabis.net,39,106
gne.go.kr,39,76
totaleintegrated.com,39,79
biz.ua,39,132
kappaseitai.com,39,273
uniroma2.it,39,96
zju.edu.cn,39,40
plentymarkets.com,39,40
kt.com,39,296
neu.edu.vn,39,438
ilogin.or.kr,39,41
web-bahia.ba.gov.br,39,39
smu.ac.kr,39,124
elsevier.es,39,156
galleriebennet.com,39,273
sunmoon.ac.kr,39,242
tokyo.lg.jp,39,159
fudan.edu.cn,39,39
unizd.hr,38,339
weblife.me,38,138
gmu.edu,38,420
yuja.com,38,78
hrpeak.com,38,282
ub.ac.id,38,203
greenchannel.es,38,380
mycourts.co.uk,38,38
ucr.ac.cr,38,74
swu.ac.th,38,102
service-scanner.ru,38,114
kihevek.com,38,608
quangbinh.gov.vn,38,43
masteruvelir.ru,38,38
thueringen.de,38,40
icees.kr,38,284
premium-yutaiclub.jp,38,113
pw.edu.pl,38,63
cmcss.net,38,38
kaust.edu.sa,37,242
iitd.ac.in,37,1.066
teleborsa.it,37,87
tinkoff.ru,37,37
productfruits.com,37,37
tecnm.mx,37,87
times.co.id,37,111
from.pm,37,74
usal.es,37,58
unbari.ac.id,37,288
bacakoran.co,37,37
kelantan.gov.my,37,184
ssu.ac.kr,37,104
ac-noumea.nc,37,41
ort.org.il,37,75
gda.pl,37,269
rj.leg.br,37,334
marchingorder.com,37,37
college.gov.bd,37,37
buildout.com,37,87
lm.lt,37,88
softbook.app,37,74
rallybound.com,37,38
yildiz.edu.tr,37,78
cfwb.be,37,95
mazeplay.com,36,72
temple.edu,36,119
enjoy-weblife.com,36,36
minobr63.ru,36,40
hongik.ac.kr,36,216
louisiana.edu,36,37
afeld.me,36,50
autopubli.ch,36,98
ntu.edu.vn,36,690
pro-seniore.de,36,72
unitineldono.it,36,760
aldryn-media.io,36,36
icordis.be,36,41
auto-ihned.sk,36,36
jatimtimes.com,36,108
equitystory.com,36,43
yu.ac.kr,36,313
canoprof.fr,36,36
msu.ru,36,107
cdn-upm.com,36,36
cwmars.org,36,176
gemimarket.it,36,144
cloud-reservations.net,36,36
ja.org,36,36
ymca.org.au,36,264
nccardinal.org,36,36
eliteparebrise.fr,36,180
cventevents.com,36,108
shortpixel.ai,36,80
jhu.edu,35,103
avtosushi.ru,35,70
kielce.pl,35,86
blogger.ba,35,35
xn--1-td6bm19b.com,35,70
classlife.education,35,105
asd20.org,35,153
powerapps.com,35,186
osaka-u.ac.jp,35,118
aldryn-media.com,35,35
poxo.com,35,45
eoffering.org.tw,35,173
veb-avtoservice.ru,35,35
hiplatform.com,35,35
dga-post.de,35,68
hotelagent.com,35,350
11880-hosting.com,35,118
chosun.ac.kr,35,369
bip.org.pl,35,350
leaguelab.com,34,170
nagoya-u.ac.jp,34,167
ddm.org.tw,34,34
ifrype.com,34,34
grooveapps.com,34,34
bubble.io,34,34
catedu.es,34,44
liveres.co.uk,34,137
jadesta.com,34,102
lgappstv.com,34,796
lapampa.gob.ar,34,34
pressbooks.pub,34,34
istanbulepass.com,34,136
siteapi.org,34,34
hotelsitemanager.com,34,35
omegaeducacional.com,34,105
uso.org,34,35
lodz.pl,34,117
texasheart.org,34,34
stroitelstvo-dom.ru,34,204
gazetki-promocyjne.net.pl,34,68
deu.ac.kr,34,109
dedalo.top,34,272
at0086.cn,34,34
uam.mx,34,92
pun.pl,34,70
myticket.de,34,65
poliwincloud.com,34,38
telekom.de,34,358
ruhr-uni-bochum.de,34,347
tohoku.ac.jp,34,110
graduway.com,34,68
zingfront.com,33,33
c21.ca,33,33
rmasla.ru,33,66
orderschoolpix.com,33,33
janto.es,33,34
cuhk.edu.hk,33,98
propeller.in,33,55
edgecastcdn.net,33,41
webdelclub.com,33,99
mfc61.ru,33,33
universal-music.de,33,33
uobabylon.edu.iq,33,54
perfectgymcdn.com,33,33
ufl.edu,33,104
clever-click.co.uk,33,33
lglifecare.com,33,99
ntpc.edu.tw,33,361
otasuke-master.com,33,1.649
myskoolportal.com.ng,33,264
cloud-line.com,33,118
mamadeti.ru,33,33
css.gg,33,88
wklcdn.com,33,66
rackcdn.com,33,59
pe.leg.br,33,330
wcs.org,33,120
mediaroom.com,33,45
zu.edu.eg,33,154
org.ru,33,61
suporteleiloes.com.br,33,33
gunma-u.ac.jp,33,451
refillrxconnect.com,33,132
mapyinwestycji.pl,33,165
agrobiz.net,33,231
korea.edu,33,79
ngn.com.tr,33,33
scoutingevent.com,33,249
markeplay.com,33,93
haiduong.gov.vn,32,125
keio.ac.jp,32,126
mercer.edu,32,50
com21.com.br,32,64
elisath.fr,32,32
unb.br,32,95
krsu.edu.kg,32,32
harvard.edu,32,72
bioz.com,32,35
govoffice.com,32,32
montana.edu,32,64
reblo.net,32,72
udl.cat,32,91
uaq.mx,32,37
notre-billetterie.fr,32,54
containerize.com,32,39
cartpe.in,32,288
guiaempresas.com.mx,32,128
vipsexpay.com,32,32
ouderportaal.nl,32,32
allfont.es,32,37
werdenktwas.de,32,159
directtalk.com.br,32,32
jedidesk.com,32,32
pop.co.jp,32,352
tpiwebservices.com,32,32
schoolpoint.co.nz,32,160
ascbrazil.com.br,32,34
ubertor.com,32,83
jobloc.al,32,32
informanagement.com,32,64
med.or.jp,32,113
envu.com,32,66
cau.ac.kr,32,91
at-ml.jp,32,100
nchu.edu.tw,32,224
chula.ac.th,32,89
pc-exp.com,32,705
portaldeassinaturas.com.br,32,32
stanford.edu,32,94
minlib.net,32,156
thanedirect.co.uk,32,530
factoryexpohomes.com,31,31
iriparo.com,31,31
kipuworks.com,31,62
ustabuca.edu.co,31,155
ucanapply.com,31,837
weblium.site,31,31
kje-event.com.tw,31,125
recruiterpal.com,31,186
gwe.hs.kr,31,118
spydus.ie,31,31
rim.de,31,37
cross-7.de,31,43
in.net,31,156
transer.com,31,245
helyek.eu,31,31
bravenet.com,31,31
virtualtaganrog.ru,31,93
infinitecampus.org,31,31
rn.leg.br,31,310
nasa.gov,31,65
tujuhub.com,31,496
utexas.edu,31,132
maaamet.ee,31,66
bestwestern.fr,31,155
msu.edu,31,109
staticpipefy.com,31,31
uw.edu,31,99
sitiwebgiustizia.it,31,1.112
quangtri.gov.vn,31,80
pokemon.com,31,64
ac-dijon.fr,31,40
germanpersonnel.de,31,33
wbsc.org,31,31
webmakingtool.com,31,313
ustc.edu.cn,30,30
ucsb.edu,30,43
proceduresonline.com,30,90
uanl.mx,30,58
sportum.com,30,90
luminouslighthouse.uno,30,30
messagepay.com,30,60
tpu.ru,30,33
isn-services.com,30,30
friggcms.no,30,54
myschid.my.id,30,234
appspot.com,30,47
ordingegneri.it,30,548
resultadosonline.com.br,30,30
redbit.com.br,30,141
svenskalag.se,30,30
mastervdom.ru,30,60
dominikanie.pl,30,35
menunova.com,30,300
bookingonline.fi,30,120
sumnerschools.org,30,420
ncku.edu.tw,30,101
hubspotusercontent-eu1.net,30,58
zohopublic.in,30,30
workingdays.org,30,30
gdprmysite.net,30,60
edu.ru,30,118
malaga.eu,30,581
viu.ca,30,31
bboxtype.com,30,31
wsu.ac.kr,30,30
laclasse.com,30,37
dlssyht.cn,30,60
kashiwagura-seikotsuin.com,30,210
onleihe.de,30,60
celepar.pr.gov.br,30,129
jakarta.go.id,30,471
dealereprocess.net,30,30
volunteermatters.org,30,30
justbetter.nl,30,59
seikotsu-takumi.com,30,210
permanent.de,29,55
terengganu.gov.my,29,232
aiimsexams.ac.in,29,503
agwhc.com,29,116
edunet.it,29,1.334
bib.no,29,112
uh.edu,29,106
ac-versailles.fr,29,49
ccboe.net,29,29
sc.leg.br,29,325
akamaized.net,29,75
eduwill.net,29,218
leonardocloud.com,29,41
typenetwork.com,29,64
footlocker.com,29,58
smrtapp.com,29,29
purworejokab.go.id,29,88
favouritetable.com,29,30
qualva.com,29,29
ucla.edu,29,107
tstllc.net,29,39
ekhn.de,29,65
moph.go.th,29,102
ajax-academy.ru,29,42
ncsis.gov,29,29
introweb.hu,29,37
gijiroku.com,29,115
galaxy-reservation.fr,29,29
omskportal.ru,29,36
public-i.tv,29,57
qquote.com,28,122
lap.hu,28,28
agregatka.ru,28,29
easypack24.net,28,28
cnr.it,28,207
uw.edu.pl,28,64
bookingcenter.pro,28,28
myaccountcenter.com,28,28
altaredesistemas.com.br,28,28
userbot.ai,28,28
davidson.k12.nc.us,28,28
findhelp.org,28,28
ascentpayroll.net,28,196
cookn.run,28,28
colostate.edu,28,116
muzikercdn.com,28,28
tandartsennet.nl,28,28
weather.town,28,84
tennisplatz.info,28,28
duth.gr,28,73
papajohns.com.pk,28,28
secutix.com,28,101
titech.ac.jp,28,71
sparkpa.org,28,28
gameforge.com,28,84
azores.gov.pt,28,302
ufmg.br,28,90
deliveryon.com.br,28,252
yu.edu.jo,28,140
glavdezcentr.ru,28,139
prowaregolf.nl,28,165
dawatech.com,28,196
globalstreaming.com.ve,28,56
mju.ac.kr,28,386
unp.ac.id,28,160
host.ch,28,29
sorocaba.sp.gov.br,28,131
jsuol.com.br,28,54
unitbv.ro,28,28
yoopify.com,28,28
umich.edu,28,65
uark.edu,28,56
centres-sociaux.fr,28,31
websapo.jp,28,29
monkcms.com,28,40
dropboxusercontent.com,28,33
cultura.gov.it,28,1.338
chilipac.com,28,28
hotellinksolutions.com,27,28
moliri.dk,27,27
hapibenefits.com,27,72
scot.nhs.uk,27,87
fliipapp.com,27,54
newzware.com,27,351
auth.gr,27,124
voip.com.ua,27,27
montevideo.gub.uy,27,127
electude.eu,27,27
nhsportal.net,27,54
sd73.bc.ca,27,27
quangnam.gov.vn,27,53
goeas.kr,27,136
tatneft.ru,27,223
unair.ac.id,27,45
univ-amu.fr,27,49
umn.edu,27,90
hsc.gov.ua,27,27
jpn.org,27,94
hokudai.ac.jp,27,62
byu.edu,27,127
unisa.it,27,97
ucf.edu,27,126
justcnw.com,27,27
uba.ar,27,91
salesforce-sites.com,27,170
divio-media.net,27,27
cottonuniversity.ac.in,27,378
litepms.ru,27,27
elpub.ru,27,162
windy.com,27,66
archpoznan.pl,27,54
tsu.ru,27,118
chungbuk.ac.kr,27,209
elloha.com,27,27
bsit-br.com.br,27,27
herokuapp.com,27,77
disclosures.co.uk,27,243
coocan.jp,27,104
mom-gmr.org,27,108
zut.edu.pl,27,53
sogiscuola.com,27,33
webetterem.hu,27,27
rajasthan.gov.in,27,165
acervodejogos.com.br,27,27
bel-gruz.com,26,26
reservator.es,26,284
nust.edu.pk,26,26
yuntech.edu.tw,26,121
sportsyear.com.au,26,26
uni-siegen.de,26,250
ro.leg.br,26,245
skinbiblos.it,26,28
kookmin.ac.kr,26,98
gannettdigital.com,26,31
chosun.com,26,128
reserveereenvoudig.nl,26,80
pi.leg.br,26,243
unicamp.br,26,64
pechi-online.ru,26,104
giustizia.it,26,583
ruplans.ru,26,508
opendr.com,26,168
kyushu-u.ac.jp,26,106
uchile.cl,26,93
gabia.com,26,34
googlesource.com,26,52
vhu.edu.vn,26,247
amritavidyalayam.org,26,26
fontawesome.io,26,28
ardahan.edu.tr,26,104
apap.jp,26,119
osu.cz,26,53
vitoricci.ru,26,1.482
nd.edu,26,40
harenchi.co.jp,26,65
ddns.net,26,383
amb-reward.com,26,390
igm.de,26,156
at.ua,26,81
ku.ac.th,26,165
semarangkota.go.id,26,164
charlla.io,26,26
europa.eu,26,97
co.ua,26,64
vu.lt,26,56
yingyuchat.com,26,29
meyerweb.com,26,29
unifesp.br,26,28
tumblr.com,26,38
extraclub.fr,26,27
rotaryindia.org,26,52
mlspin.com,26,26
gov.ao,25,144
has.restaurant,25,28
hemetusd.org,25,25
ugm.ac.id,25,70
aaa.com,25,92
avtomoe.com,25,25
bielsko.pl,25,47
nissannews.com,25,25
psu.ac.th,25,107
gist.ac.kr,25,46
cmu.ac.th,25,183
ticketnew.com,25,93
githubusercontent.com,25,30
mercubuana.ac.id,25,63
coollabs.io,25,46
seu.edu.cn,25,25
jejunu.ac.kr,25,72
uoguelph.ca,25,27
snackbe.com,25,25
ycode.com,25,60
udla.cl,25,1.101
nm.gov,25,99
umin.jp,25,95
nju.edu.cn,25,26
goepj.kr,25,126
snapforms.com.au,25,75
land.gov.ua,25,25
unlp.edu.ar,25,76
attendease.net,25,25
forms-db.com,25,50
loveplanet.ru,25,46
okayama-u.ac.jp,25,171
lbpsb.qc.ca,25,57
tamu.edu,25,104
tamgran.com,25,175
docvisit.de,25,75
bkobr.ru,25,25
bryo.com,25,25
azapp.fr,25,200
tsu.ac.th,25,71
goodnight.show,25,50
kanazawa-u.ac.jp,25,98
unsoed.ac.id,25,111
static-content-dropify.com,25,25
billetten.dk,25,25
tum.de,24,133
instacks.co,24,2.160
gg.go.kr,24,85
123compareme.com,24,144
ntnu.edu.tw,24,193
zendesk.com,24,49
studentske.cz,24,24
unipi.it,24,92
fontstatic.com,24,31
mil.sk,24,144
bme.hu,24,40
notre-billetterie.com,24,47
uws.edu.pl,24,30
johas.go.jp,24,99
vnpt.vn,24,187
ppstatic.pl,24,50
animsa.es,24,72
getbootstrap.com,24,28
unicampania.it,24,160
12twenty.com,24,48
trackingo.in,24,24
nisantasi.edu.tr,24,30
ngrok.com,24,24
oriental-lounge.com,24,141
googlecode.com,24,24
uriweb.kr,24,25
1gr.cz,24,27
olemiss.edu,24,38
kmesh.io,24,168
ramcoams.net,24,456
rotamasterweb.co.uk,24,144
turnosonline.ar,24,48
severance.healthcare,24,189
farklitarih.com,24,168
th-resorts.com,24,48
ui.ac.id,24,109
7digital.com,24,24
rada.gov.ua,24,24
automaise.com,24,24
zavod-okna-pvh.ru,24,24
findus-internet-opac.de,24,139
ny.gov,24,110
optios.net,24,24
propertychecker.com,24,47
vitoria.es.gov.br,24,50
univ-lorraine.fr,24,51
worldbank.org,24,70
wondr.se,24,1.104
thebull.ru,24,24
uniformesdefrance.com,24,24
mb-spirit.com,24,138
beniculturali.it,24,122
cludo.com,24,26
botpropanel.com,23,24
rajwap.xyz,23,23
unri.ac.id,23,149
teamnest.com,23,35
p3k.hu,23,24
unimap.edu.my,23,48
goeujb.kr,23,115
uff.br,23,72
femaledominationworld.com,23,46
port-sanko.jp,23,24
nabu.de,23,32
usv.ro,23,27
georgetown.edu,23,84
kumamoto-u.ac.jp,23,54
eurolandir.com,23,35
urbanaccessregulations.eu,23,115
openfontlibrary.org,23,25
staticroot.com,23,25
fawrystaging.com,23,42
kemkes.go.id,23,246
domainshop.com,23,253
cfdt.fr,23,46
nmnm.cz,23,69
nirmauni.ac.in,23,253
jbch.org,23,153
notaires.fr,23,59
openhr.es,23,322
omnitech.golf,23,46
kumoh.ac.kr,23,106
ethz.ch,23,54
ynu.ac.jp,23,171
engageats.co.uk,23,23
apteka-medic.net,23,23
coni.it,23,23
sookmyung.ac.kr,23,128
biblio.org,23,23
resvoyage.com,23,56
mailchimp.com,23,23
aics.gov.it,23,113
gaernet.it,23,23
amgen.com,23,68
hiltonjapan.co.jp,23,46
channeli.in,23,1.288
flexportal.eu,23,483
uns.ac.id,23,96
honam.ac.kr,23,146
golfgenius.com,23,46
sdstrada.sch.id,23,23
rnu.tn,23,108
hstatic.net,23,59
shinhan.ac.kr,23,471
cmu.edu,22,30
ac-besancon.fr,22,55
n21mobile.com,22,176
raisenow.io,22,22
storepoint.co,22,22
wewyn.com,22,4.244
haui.edu.vn,22,84
asicentral.com,22,40
tsc.k12.in.us,22,23
propstory.com,22,22
chambres-agriculture.fr,22,22
pte.hu,22,185
jogjaprov.go.id,22,68
player.fm,22,22
gandi.ws,22,22
resdiary.com,22,61
hungrrr.co.uk,22,22
childcare.go.kr,22,68
hosp.go.jp,22,85
kehakiman.gov.my,22,72
edu.hu,22,33
panolabollc.com,22,43
golf.co.nz,22,22
vexrewards.com,22,45
caastle.com,22,23
tuentrada.com,22,84
eeamarket.gr,22,90
simplybook.asia,22,23
gwnu.ac.kr,22,270
npa.gov.tw,22,43
saturn.net,22,88
unpar.ac.id,22,22
uconn.edu,22,87
thecodeplayer.com,22,22
octo-firstclass.co.uk,22,22
osvita-konotop.gov.ua,22,44
suitguzellik.com,22,242
wahelp.ru,22,23
xn----7sbbatcvjrscddclqofaivf1a1pxa.xn--p1ai,22,51
mmust.ac.ke,22,102
bit.ly,22,22
keyingress.de,22,44
officite.com,22,156
booking-channel.com,22,22
fortaleza.ce.gov.br,22,127
cuaccount.com,22,22
tku.edu.tw,22,102
clerici.eu,22,66
telefono.click,22,66
upenn.edu,22,75
gov.ro,22,28
yapsody.com,22,22
degustamenu.com,22,22
matrixdobrasil.ai,22,22
myshopify.com,22,88
nankai.edu.cn,22,77
radiogold.pro,22,22
agentprodaje.com,22,88
wilkescountyschools.org,22,44
crocsplaycentre.com.au,22,154
pertanian.go.id,22,90
gitlab.io,22,32
eu.com,21,55
wooribank.com,21,38
corrientes.gob.ar,21,84
caehs.kr,21,21
idu.edu.tr,21,126
osakazine.net,21,84
hotres.pl,21,336
isrewards.com,21,45
serptop.ru,21,53
heritageweb.com,21,1.260
perm.ru,21,48
rshift.jp,21,81
texas.gov,21,84
missouri.edu,21,79
purdue.edu,21,34
prosites.com,21,498
courtreserve.com,21,397
attheraces.com,21,21
sam-set.ru,21,21
fesd.es,21,21
sooplive.co.kr,21,61
chc.edu.tw,21,366
cyso.co.kr,21,28
seranking.com,21,63
udel.edu,21,34
interactivegis.com,21,210
webdiner.com,21,84
tildacdn.com,21,29
portervilleschools.org,21,21
helpjuice.com,21,35
sdgnys.com,21,21
postech.ac.kr,21,83
visitwidget.com,21,21
luduseg.dk,21,21
myschooldata.net,21,65
lampungutarakab.go.id,21,41
daejin.ac.kr,21,285
ideaginger.it,21,84
fullmarketing.at,21,44
servmetric.com,21,55
paylution.com,21,126
ru.ac.th,21,41
afrus.org,21,26
raceplan.co.kr,21,29
uevora.pt,21,43
jatengprov.go.id,21,103
sleekplan.com,21,21
ch-static.com,21,25
researchcommons.org,21,293
playnccdn.com,21,24
wi.gov,21,130
uos.ac.kr,21,71
noaa.gov,21,66
ninchat.com,21,21
allbestapps.fr,21,42
wipo.int,21,438
ufc.br,21,41
kemendag.go.id,21,171
sparkasseblog.de,21,126
sportsmanago.pl,21,42
xiaomiplanet.sk,21,21
technion.ac.il,21,40
custhelp.com,21,61
torun.pl,21,63
ecvol.com,21,37
web-fonts.ge,21,56
fld.nz,21,41
etapestry.com,21,24
tarnow.pl,21,72
green-acres.com,21,42
landrover.es,21,126
ucdavis.edu,21,57
mhsoftware.com,21,21
adrenalin-fitness.by,21,61
fiocruz.br,21,87
binhdinh.gov.vn,21,39
medismart.live,21,1.138
clr.events,21,22
jk1.cz,21,34
aspose.com,21,21
maggiolicloud.it,21,21
opinew.com,21,22
motorola.com,21,29
logicsolutions.com.br,21,21
calendly.com,21,21
assemble.me,21,102
icarros.com,21,441
xn--b1aew.xn--p1ai,21,21
ivanovoobl.ru,21,42
hypnobox.com.br,20,220
illinois.edu,20,68
blitarkota.go.id,20,29
denpasarkota.go.id,20,57
aspencat.info,20,100
pizzasushiwok.ru,20,20
teplica66.ru,20,940
aua.am,20,20
cdmx.gob.mx,20,57
nycu.edu.tw,20,61
thuathienhue.gov.vn,20,41
akinsoftonline.com,20,20
expertus.com.ua,20,20
wyklady.org,20,40
incruit.com,20,33
tylerhost.net,20,160
scpwiki.com,20,34
dostuffmedia.com,20,20
incidentiq.com,20,2.960
agh.edu.pl,20,22
sm.gov.ua,20,20
state.mn.us,20,101
clf.uk,20,39
listedcompany.com,20,78
wa.gov,20,53
referralrock.com,20,920
healtheliving.net,20,20
contabostorage.com,20,60
thu.edu.tw,20,399
baxter.com,20,76
lenus.coach,20,20
brponline.se,20,20
buyandread.com,20,39
poste.it,20,131
tempur.com,20,20
yale.edu,20,43
blueeyes.tw,20,55
football.ch,20,25
fju.edu.tw,20,72
peoplecore.net,20,240
justclick.ru,20,25
dental-tribune.com,20,20
oslri.net,20,100
ti.ch,20,59
googledrive.com,20,91
uoradea.ro,20,24
unit.no,20,20
iap.pl,20,69
cea.fr,20,241
hostinger.com,20,40
future-shop.jp,20,64
kubg.edu.ua,20,92
kolhosniki.ru,20,20
8x8.com,20,62
cotanet.com.br,20,60
mobius.cloud,20,20
kabi.si,20,41
micehub.com,20,23
albany.k12.or.us,20,100
tmtravel.com.tw,20,20
acm.org,20,35
doshisha.ac.jp,20,36
nsd131.org,20,20
akademidunyasi.com.tr,20,144
qgov.net.au,20,40
ilobbybet.com,20,20
mfa.go.th,20,39
cas.cn,20,20
sibforms.com,20,25
formovietickets.com,20,20
webme.com,20,28
localsexescorts.com,20,60
erealtymedia.com,20,261
park.aero,20,28
getcs.link,19,207
kh.edu.tw,19,245
momp.gov.eg,19,96
bandaacehkota.go.id,19,36
kleingarten-aktuell.de,19,19
uci.edu,19,53
imiscloud.com,19,25
kku.ac.th,19,61
to.leg.br,19,57
univ-perp.fr,19,78
made-in-china.com,19,97
sjeduhs.kr,19,96
idokep.hu,19,19
solokkab.go.id,19,69
sante-ra.fr,19,265
unm.edu,19,95
its-mo.com,19,131
leusd.k12.ca.us,19,19
xrea.com,19,36
vivinavi.com,19,95
smartsimple.com,19,95
fsastore.com,19,20
regione.puglia.it,19,144
ubbcluj.ro,19,38
justorder.today,19,74
kpi.ua,19,52
cnrs.fr,19,67
site.radio.br,19,57
refertilab.it,19,304
schoolbook.ge,19,19
notariado.org,19,67
alertesmunicipales.com,19,40
techsembly.com,19,171
hiroshima-c.ed.jp,19,75
ns48.pl,19,19
shu.edu.tw,19,19
itea.fr,19,19
gusty-gestion.fr,19,19
chatvisor.com,19,20
unisalento.it,19,212
jrc.or.jp,19,92
kapelnica.clinic,19,19
bucheon.go.kr,19,124
umontreal.ca,19,20
utem.cl,19,73
auburn.edu,19,47
profit.com,19,19
cheerfy.com,19,21
susu.ru,19,38
ciphr-irecruit.com,19,38
sdu.ac.kr,19,38
portfolio.no,19,54
kkr.or.jp,19,77
nccu.edu.tw,19,52
uerj.br,19,49
hoabinh.gov.vn,19,25
upm.es,19,34
koxiquw.com,19,304
lifeinflux.com,19,19
netcore.co.in,19,19
infellowship.com,19,304
unilab.edu.br,19,242
myshoptet.com,19,20
feedblitzstatic.com,19,90
ehalal.io,19,19
rafflenexus.com,19,23
opendataforafrica.org,19,490
tursites.com.br,19,76
dslink.co,19,190
cuny.edu,19,52
maine.gov,19,43
burtgel.gov.mn,19,199
onstove.com,19,71
highline.edu,19,19
grayjayleagues.com,19,246
satse.es,19,19
zipnosis.com,19,76
gwe.go.kr,19,80
keplerapis.com,18,19
riken.jp,18,52
pomnivsegda.ru,18,55
un.org,18,21
ecolo.be,18,18
virginia.edu,18,102
hockey.by,18,18
in.gov,18,31
case.edu,18,45
scope-recruiting.de,18,34
gov.ru,18,52
centershealthcare.org,18,432
utn.edu.ar,18,100
nih.gov,18,87
bard.edu,18,32
koszalin.pl,18,65
deepknowledge.io,18,828
findquiz.ru,18,18
mynetworktv.com,18,126
openum.ca,18,85
uni-luebeck.de,18,159
unist.ac.kr,18,64
style.co.il,18,18
inup.co.kr,18,18
kpnu.edu.ua,18,18
bjsolution.co.kr,18,54
units.it,18,107
ces.edu.uy,18,37
parastorage.com,18,19
espos.id,18,18
webmedipr.jp,18,68
kasaba.uz,18,21
socialworkers.org,18,45
burgerheart.com,18,18
baria-vungtau.gov.vn,18,128
kahp.or.kr,18,36
sabanciuniv.edu,18,52
perfectbalance.ru,18,90
dyndns.org,18,42
mahidol.ac.th,18,91
moonhwain.net,18,36
columbia.edu,18,65
gpoe.kr,18,91
gov.mt,18,74
a2rev.com,18,18
sliet.ac.in,18,53
goegm.kr,18,91
cakecdn.com,18,576
ucsf.edu,18,30
knu.ac.kr,18,71
pressidium.com,18,27
csic.es,18,78
us.com,18,22
navattic.com,18,142
govsomaliland.org,18,162
unal.edu.co,18,27
kontum.gov.vn,18,36
mitelog.jp,18,27
mpos.us,18,18
fotop.com,18,40
radiantrays.site,18,18
dmstr.net,18,22
crsdata.com,18,18
uqam.ca,18,43
usfx.bo,18,18
cittaincomune.it,18,36
northwestern.edu,18,40
guestcentric.net,18,234
countryracing.com.au,18,36
respondelligent.com,18,18
london.dk,18,54
fontapi.ir,18,19
correios.com.br,18,257
unilim.fr,18,22
actibookone.com,18,76
ha-no-ne.com,18,54
g-co.agency,18,54
musashino-city.ed.jp,18,72
sensus-analytics.com,18,18
pstatp.com,18,20
intim-fei.store,18,18
medicosearch.ch,18,102
uillinois.edu,18,61
web4pro.es,18,18
webclickindia.co.in,18,18
hufs.ac.kr,18,110
smartcall.kz,18,19
hnue.edu.vn,18,35
first-hp.jp,17,17
msecnd.net,17,45
actiview.de,17,20
pusd.org,17,17
careers.hr,17,51
gov-civil-setubal.pt,17,119
clarityelections.com,17,18
powered-by-nitrosell.com,17,20
es.leg.br,17,126
smpstrada.sch.id,17,17
voc-tester.com,17,187
rtomanager.com.au,17,17
optimole.com,17,23
myorderbox.com,17,34
min-saude.pt,17,38
ru.com,17,38
cambioschaco.com.py,17,51
cvut.cz,17,38
akamaihd.net,17,23
anm.gov.my,17,17
jne.go.kr,17,111
solaxpower.com,17,17
euroland.com,17,23
inclass.co.kr,17,17
curator.io,17,17
yestherapyhelps.com,17,170
govoffice2.com,17,17
autodoplnky.cz,17,51
wondr.cc,17,782
transfermateeducation.com,17,33
tinderpressroom.com,17,17
church.ua,17,17
flipcause.com,17,18
rnp.br,17,41
blastness.biz,17,26
tru.ca,17,18
giraffe360.com,17,69
garmin.com,17,25
umayor.cl,17,21
myhistorypark.ru,17,17
leia.corsica,17,34
co.nl,17,17
tkcnf.com,17,51
uc.cl,17,39
si.edu,17,19
uepb.edu.br,17,48
usr.sicilia.it,17,1.080
heymondo.es,17,17
khu.ac.kr,17,52
1k.by,17,51
fukuoka.lg.jp,17,49
fsu.edu,17,93
likr.tw,17,17
pricehubble.com,17,17
hawaiifun.org,17,34
pr.gov,17,101
digiist.com,17,17
player.zone,17,34
comquas.com,17,20
blackboard.com,17,51
siliconindia.com,17,34
httpcn.com,17,22
ontalk.com.br,17,17
pege.com.br,17,102
giportal.pl,17,17
e-web.info,17,51
comillalg.gov.bd,17,170
kbgb.be,17,102
gddkia.gov.pl,17,17
usac.edu.gt,17,72
ed.ac.uk,17,22
osakafu-u.ac.jp,17,66
surakarta.go.id,17,217
forest-mall.com,17,51
kkk24.kr,17,17
playrestaurant.tv,17,459
usach.cl,17,563
bipgmina.pl,17,30
gefigram.net,17,18
webtonia.cloud,17,29
studylead.de,17,17
jegy.hu,17,70
dveri-ideal.ru,17,34
attrust.org.uk,17,34
aulaescolar.net,17,102
nea-net.de,17,33
arquivos.pt,17,17
district70.org,17,68
momice.com,17,21
illuminatehc.com,17,17
switchfly.com,17,17
nihon-u.ac.jp,17,160
illshareit.com,17,85
minghui.org,17,162
primezone.ru,17,51
searchiq.co,16,16
elice.io,16,17
virtualcollector.net,16,128
yna.co.kr,16,55
ytethanhhoa.gov.vn,16,118
frenship.net,16,32
tvp.pl,16,137
uoc.gr,16,45
shambhala.org,16,16
esselife.com.tr,16,176
northeastern.edu,16,30
uns.ac.rs,16,39
idxsecure.com,16,24
bcvp0rtal.com,16,36
cba.pl,16,50
bidsonline.com.au,16,49
epo.tw,16,112
mhlw.go.jp,16,85
obr04.ru,16,592
punjab.gov.in,16,118
bayern.de,16,109
avanteplus.com.br,16,32
hama1.jp,16,64
pubres.cz,16,226
confcooperative.it,16,19
easy-ware-ticketing.com,16,32
anwardani.id,16,18
nimbo.com.au,16,32
utah.edu,16,43
adobe.com,16,29
manchester.ac.uk,16,65
medusarestaurants.sk,16,96
vanguard.com,16,86
accueil-famille.fr,16,16
cam.ac.uk,16,70
dinstudio.se,16,106
kkgaming.vip,16,16
pm-srv-18.de,16,37
mydentalvisit.com,16,186
cdn77.org,16,19
dephub.go.id,16,197
undip.ac.id,16,457
likewize.com,16,85
fluxx.io,16,224
trafficcamarchive.com,16,32
pb.leg.br,16,164
hankyung.com,16,36
synapse-blog.jp,16,25
camcom.it,16,87
ilabbill.com,16,16
electionsfl.org,16,30
lapse.site,16,16
embassy.mn,16,64
ujd.edu.pl,16,19
leszno.pl,16,65
lytogame.com,16,93
rowan.edu,16,33
terradotta.com,16,16
kety.pl,16,58
mcfr.kz,16,112
fundesplai.org,16,73
hku.hk,16,114
pw.live,16,20
alpacaaudiology.com,16,17
riafinancial.com,16,16
piggypink.com,16,96
elluciancloud.com,16,20
green-ecolog.com,16,64
mvm.hu,16,32
ufca.edu.br,16,50
sen.go.kr,16,63
sigapaceh.id,16,32
pkb.gov.bd,16,16
hiroshima-u.ac.jp,16,69
shopoclick.ru,16,16
veolia.co.uk,16,16
nus.edu.sg,16,53
lightsamerica.com,16,16
iowa.gov,16,104
patientsimple.com,16,72
somaiya.edu,16,161
manuscriptmanager.net,16,64
creatorcdn.com,16,25
hallym.ac.kr,16,61
ni.ac.rs,16,41
blackt-cms.de,16,38
pvpusd.net,16,19
euskadi.eus,16,31
aon.it,16,27
proofpix.com,16,16
kyoboreadingtree.co.kr,16,25
accordors.com,16,16
galaxo.fi,16,16
unistra.fr,16,47
astroempires.com,16,24
lognet.co.kr,16,812
ironpla.net,16,16
ticketeasy.com.tw,16,96
clickandchat.com,16,32
government.bg,16,45
kmu.ac.kr,16,145
getback.ch,16,16
sorga.pl,16,64
nanoil.store,16,16
upv.es,16,21
worklio.com,16,16
sesc.com.br,16,16
labofspeed.su,16,80
onnuri.or.kr,16,646
sourceforge.jp,16,19
xdomain.jp,16,55
france-assos-sante.org,16,32
mex.tl,16,38
comperio.it,16,16
lex2.org,16,16
meetblog.jp,16,27
iastate.edu,16,37
pagewizcdn.com,16,16
kokosil.net,16,33
cleverbox.co.uk,16,19
mambowifi.com,16,16
tourismusnetz.com,16,16
uni-heidelberg.de,16,97
manager.clinic,16,736
vsyslive.com,16,16
veolia.com,16,18
navolyni.com,16,112
godrejsarjapur.com,15,60
go7.com.br,15,15
academiaerp.com,15,15
1004ok.co.kr,15,15
webink.com,15,16
wodify.com,15,45
smartly.ai,15,60
odessaedu.net,15,195
carm.es,15,718
coomeva.com.co,15,59
onoffmarket.com,15,61
publicationsports.com,15,20
wyldcatalog.org,15,75
itpage.kr,15,45
tec24.com,15,120
chinaplanet.sk,15,15
eroticguide.tokyo,15,15
calaverasgov.us,15,46
kyobobook.co.kr,15,74
mysecurepay.co.uk,15,15
up.ac.th,15,66
cha.ac.kr,15,50
ecnu.edu.cn,15,15
nebar.ru,15,15
laborlis.online,15,29
catholique.fr,15,35
guianegocios.cl,15,60
sega.jp,15,74
otelfiyat.com,15,16
unsri.ac.id,15,173
u-coop.or.jp,15,78
dropboxstatic.com,15,105
psk-energo.ru,15,30
jnu.edu.cn,15,15
sejong.ac.kr,15,143
cyclerent.com,15,15
nato.int,15,54
highcommission.gov.au,15,165
q2c.eu,15,30
etoos.com,15,93
webasyst.cloud,15,24
unipv.eu,15,47
ba.leg.br,15,136
dankook.ac.kr,15,47
softoware.org,15,15
duke.edu,15,34
edipro.app,15,45
dsu.ac.kr,15,30
smc.org.in,15,34
thechurchco.com,15,15
izap.com.br,15,32
sanjacinto.k12.ca.us,15,15
smartcatalogiq.com,15,37
menlhk.go.id,15,131
sinaapp.com,15,16
psjpay.com,15,15
cableidp.jp,15,75
site.com,15,205
udn.vn,15,52
sinzyuku-eye.com,15,15
webstarts.com,15,16
inovandoweb.com,15,15
professionalsoccercoaching.com,15,15
usta.edu.co,15,71
ggzportal.nl,15,510
twdc.com,15,29
cybervidya.net,15,30
imbc.com,15,48
uszn52.ru,15,15
viar.live,15,15
heteml.net,15,60
boosterhub.com,15,15
m-invest.ru,15,75
ucoz.net,15,21
lfl.ru,15,315
skolatk.edu.ba,15,15
septim.cz,15,15
parkeerservice.nl,15,16
strazgraniczna.pl,15,45
mojoqa.com,15,15
50platev.ru,15,15
crowdfiber.com,15,15
comune.palermo.it,15,68
selcuk.edu.tr,15,212
storefront7.co.za,15,62
tuc.gr,15,56
learningpool.com,15,20
fundfive.com,15,150
forumactif.com,15,17
nikkibeach.com,15,16
mpg.de,15,40
tcsdk8.org,15,15
tovuti.io,15,249
multield.net,15,105
datafactory.la,15,15
ordersys.nl,15,180
sklep2.pl,15,58
fiu.edu,15,51
gen.go.kr,15,52
uoa.gr,15,70
mp.gov.in,15,38
azurefd.net,15,40
carinet.de,15,345
unpak.ac.id,15,75
bpost.be,15,15
ort.edu.uy,15,29
dafontfree.net,15,18
experienciascv.es,15,15
nia.gov.ph,15,129
vbotickets.com,15,15
ac-nice.fr,15,37
watv.org,15,15
cdn.yoga,15,65
bee-custom.site,15,64
hrmplus.net,15,55
metu.edu.tr,15,21
cinepolis.com,15,15
us.es,15,174
creanet.ch,15,15
tour-list.com,15,26
panorama-services.de,15,17
maryland.gov,15,52
ouhsc.edu,15,52
army.mil,15,103
nazwa.pl,15,32
ptt.cc,15,15
in.or.kr,15,285
ufrn.br,15,100
escuelateresiana.com,15,17
alpemix.com,15,15
easternhealth.ca,15,15
oslotaxi.no,15,15
koreatimes.com,15,19
senac.br,15,25
static-immobilienscout24.de,15,19
yandexcloud.net,15,15
hipaaserver2.us,15,690
cu.edu.eg,14,43
beedoo.io,14,14
webtype.com,14,15
ulaval.ca,14,32
hawaii.edu,14,30
warenform.de,14,30
0pk.me,14,14
zapwp.com,14,18
ufm.edu.vn,14,21
munka.hu,14,73
unibo.ru,14,14
uva.es,14,76
rub.de,14,220
smartsimple.ca,14,68
typolink.co.kr,14,14
falabella.com,14,14
medicalcloudprofile.com,14,28
xn----7sbbe0cc6aph5g.xn--p1ai,14,42
antwerpen.be,14,27
stol-stone.ru,14,56
ulpgc.es,14,29
myefree.it,14,14
realportal.nu,14,42
uni-hamburg.de,14,16
jinja-tera-gosyuin-meguri.com,14,42
os.uk,14,14
maison-natilia.fr,14,14
nissan.co.jp,14,103
form.io,14,15
art.pl,14,26
spiruharet.ro,14,77
neocities.org,14,29
kyoto.lg.jp,14,70
tisd.org,14,14
xenus.eu,14,126
toriaez.jp,14,18
sermon.net,14,14
alfa-chemistry.com,14,53
forvismazars.com,14,26
maarifschools.org,14,126
opoka.org.pl,14,26
s-bluevery.com,14,28
cg.gov.ua,14,31
fnr.de,14,210
bonnierforlagen.se,14,14
yardsalepizzaorder.com,14,42
utah.gov,14,66
khanhhoa.gov.vn,14,14
opencustomerportal.co.uk,14,182
knu.ua,14,37
iainsalatiga.ac.id,14,91
synergyregions.ru,14,140
prim-web.com,14,210
siedlce.pl,14,28
euba.sk,14,59
condocommunities.com,14,84
springdayclinic.com,14,14
kmutt.ac.th,14,46
aremond.com,14,109
courseleaf.com,14,69
bold-themes.com,14,16
namjai.cc,14,56
noblenet.org,14,14
inbroker.com,14,14
consigno.com,14,28
nonghyup.com,14,78
quan10.gov.vn,14,154
mibron.store,14,20
ginowan-okn.ed.jp,14,280
kemenag.go.id,14,99
aposto.eu,14,14
apwa.org,14,42
carbase.com,14,14
katalog-tovarov.su,14,14
nts.go.kr,14,102
upatras.gr,14,45
dsp.gov.ua,14,14
ready-market.com.tw,14,135
baffeli.com,14,14
talentbrew.com,14,20
java-ware.net,14,14
gov.md,14,21
rakuten.ne.jp,14,31
prointernet.com,14,17
agvs-upsa.ch,14,14
kw.ac.kr,14,38
inje.ac.kr,14,55
bjmantis.net,14,14
cam.mg.gov.br,14,57
khanhhoa.edu.vn,14,32
kbl.or.kr,14,27
v8a-moving-pictures.com,14,27
coriniumintelligence.com,14,14
arbeiderpartiet.no,14,431
chepri.com,14,14
xn--80afaec8cbbatq9al4h.xn--p1ai,14,294
csmrst.ru,14,518
newmode.net,14,30
lightresa.com,14,14
hybs.jp,14,14
ncsu.edu,14,27
mycorreosecommerce.com,14,37
dublinusd.org,14,56
unila.ac.id,14,63
go.leg.br,14,115
mohfw.gov.in,14,210
healthtrioconnect.com,14,16
urielt.by,14,84
kalendarznastrone.pl,14,14
visioncritical.com,14,14
practicehub.io,14,14
fabrikamatrasoff.ru,14,14
platform-os.com,14,32
radiantwebtools.com,14,224
agsmovers.com,14,14
agu.ac.jp,14,88
sexdollsoff.com,14,14
sportsmanager.ie,14,14
miechat.tv,14,43
egat.co.th,14,40
kontan.co.id,14,65
citygrill.ro,14,14
forest.go.kr,14,47
uma.es,14,14
rededaconstrucao.com,14,98
jype.com,14,15
covenantuniversity.edu.ng,14,64
webd.pl,14,27
os7.biz,14,26
corpmerchandise.com,14,28
nrw.de,14,75
sho-jin.or.jp,14,14
b-smile.jp,14,140
hoptis.com,14,14
k12.hi.us,13,42
ngwebsolutions.com,13,13
unab.cl,13,30
hdslb.com,13,15
numervin.com,13,78
digitaledu.in,13,14
candid.org,13,119
slowka.pl,13,13
virginia.gov,13,42
mysch.gr,13,22
4shop.cz,13,13
angiologie-berlin-mitte.de,13,25
yourpayroll.com.au,13,13
shimane-u.ac.jp,13,90
good-web.net,13,78
dcs.vn,13,37
arobiz.pro,13,22
tempbox.com.br,13,82
karelia.ru,13,61
sybelio.com,13,65
netindustries.us,13,13
superweb.net,13,29
lifeway.com,13,23
mep.go.cr,13,13
unipv.it,13,259
nextbike.net,13,13
dgpb.no,13,31
webmysch.my.id,13,91
consulate.gov.au,13,143
bilgi.edu.tr,13,24
lyrasistechnology.org,13,13
gov.sk,13,34
webchin.org,13,1.285
pm-srv-11.de,13,31
divanchik-ekb.ru,13,13
sogang.ac.kr,13,48
shopoakhalli.com,13,13
sjedums.kr,13,68
roundtable.world,13,26
ju.edu.jo,13,50
cisantec.com.br,13,26
znlc.jp,13,435
uchicago.edu,13,64
pusdschools.net,13,13
almalaurea.it,13,14
imallcdn.net,13,57
usda.gov,13,99
truckright.com,13,39
anu.edu.au,13,394
bmvie.net,13,95
mycafe24.com,13,90
conversionskit.com,13,39
avantio.com,13,23
traconelectric.com,13,442
greenek12.org,13,13
worldorgs.com,13,234
grekodom.com,13,26
timebit.ru,13,416
creatr.de,13,14
codingavatar.com,13,13
cctvpic.com,13,13
meshedhe.com.au,13,13
wb.gov.in,13,91
zhp.pl,13,173
kawasaki-m.ac.jp,13,184
tauhu.tw,13,13
shnu.edu.cn,13,13
bb-navi.jp,13,30
prom23.ru,13,13
cloudsigma.com,13,26
sumutprov.go.id,13,76
mintdentistry.com,13,27
ntbprov.go.id,13,127
spbu.ru,13,112
iitm.ac.in,13,95
endis.com,13,13
pcd.go.th,13,76
mrbrewstaphouse.com,13,26
rwth-aachen.de,13,53
sumterschools.net,13,247
ladi.com.vn,13,13
lublin.eu,13,32
facilinformatica.com.br,13,208
mykidneyjourney.com,13,39
h5p.org,13,13
jbsurf.com,13,20
tukenya.ac.ke,13,52
clermontcountyohio.gov,13,23
bioscientifica.com,13,26
bengkaliskab.go.id,13,111
wku.ac.kr,13,45
nocutnews.co.kr,13,23
grupocastilla.es,13,26
rkc.si,13,28
allbestapps.net,13,26
safetylink24.jp,13,50
octime.com,13,13
gva.es,13,71
rumika-mebel.ru,13,13
karseellshampoo.com,13,26
brest.by,13,24
zozwola.pl,13,52
mysocialpinpoint.com,13,13
unc.edu.ar,13,23
musin.de,13,14
espublico.com,13,26
swiss-watch.com.ua,13,13
samsung.com,13,70
gencat.cat,13,221
shopthemes.ru,13,75
hit.edu.cn,13,13
jcpweb.net,13,103
bertazzoni.com,13,39
uj.com.tw,13,18
rootsireland.ie,13,13
melhordelivery.com.br,13,41
toz.pl,13,15
udu.edu.ua,13,13
regione.emilia-romagna.it,13,157
mysoho.com,13,26
devman.co.za,13,13
assam.gov.in,13,43
blinkbreeze.com,13,13
commutil.kr,13,20
empxtrack.com,13,39
um5.ac.ma,13,42
hp.gov.in,13,51
real-avto.com,13,17
smartygrants.com.au,13,13
upd.edu.ph,13,30
iveco.pl,13,13
amikom.ac.id,13,52
register.it,13,27
easysign.ovh,13,52
hanseo.ac.kr,13,34
ttct.co.uk,13,13
uwo.ca,13,28
sorbonne-universite.fr,13,17
intercontinental.com,13,16
unileon.es,13,245
ntpu.edu.tw,13,40
far-light-photography.at,13,13
intercaves.fr,13,13
minia.edu.eg,13,14
cuni.cz,13,263
meludo.com,13,13
1pondo.tv,13,19
grsu.by,13,60
springboard.com.au,13,32
awsli.com.br,13,16
uowm.gr,13,13
trainingdesk.com.au,13,196
supercell.com,13,29
lconsent.ch,13,13
smartomato.ru,13,13
goean.kr,13,65
unja.ac.id,13,86
citypraxen.de,13,25
intim-radar.com,13,13
xls.hu,13,13
emailsys1a.net,13,14
ly200-cdn.com,13,126
visitmuve.it,13,13
ingv.it,13,18
rutumba.com,13,39
rionegro.gov.ar,13,53
nfact.mx,13,13
kaltimprov.go.id,13,193
vvsu.ru,13,73
trainplanet.com,13,56
upnyk.ac.id,13,97
ttinteractive.com,13,40
builderall.com,13,26
nvnstatic.net,13,40
dauskonzept.de,13,14
iconmonstr.com,13,13
buct.edu.cn,13,13
vnu.edu.tw,13,70
univ-rennes2.fr,13,25
naviextras.com,13,26
sa.com,13,38
tongji.edu.cn,13,13
cv.k12.ca.us,13,13
cummins.com,13,20
powerobjects.net,13,13
agile-cms.com,13,100
wvls.org,13,65
dsbn.org,13,13
wizi.academy,13,117
expressomenu.com.br,13,52
edith-webco.de,13,139
archieven.nl,13,13
mcgrathauto.org,13,23
art-green.kr,13,13
citybreak.com,13,18
futureacademies.org,13,44
miastoszczytno.pl,13,26
blz-contentstack.com,13,15
kangnam.ac.kr,13,55
cilegon.go.id,13,92
edlioadmin.com,13,26
vikings-casinos.fr,13,255
cnosfap.net,13,13
conf.tw,12,36
fenlandcitizen.co.uk,12,13
sharkoon.com,12,12
cyh.org.tw,12,12
tourvisor.ru,12,20
acsc.net,12,12
moh.gov.my,12,50
ukim.edu.mk,12,134
kdca.go.kr,12,51
pricep-progress.ru,12,60
zorgrotonde.net,12,28
nat.gov.tw,12,31
suwon.go.kr,12,40
ufrpe.br,12,36
wahoofitness.com,12,67
universityofgalway.ie,12,12
showclix.com,12,12
yipyips.de,12,18
hatinh.gov.vn,12,94
buranrussia.ru,12,36
pm-srv-15.de,12,25
theminjoo.kr,12,17
lampungprov.go.id,12,116
stonybrook.edu,12,33
dropbox.com,12,15
realperson.cloud,12,12
rhenti.com,12,12
weatherfordisd.com,12,12
mailplug.com,12,60
waploaded.com,12,24
playfun.tv,12,324
powtoon.co,12,12
bt.su,12,48
clan.su,12,27
sportsuite.co.uk,12,20
jmu.edu,12,29
elpasoco.com,12,12
maksoft.net,12,59
oracle.com,12,42
turbifycdn.com,12,20
koreanpc.kr,12,24
xuno.com.au,12,12
uwapothekeronline.nl,12,13
cowtinker.com,12,84
unl.pt,12,90
alayen.edu.iq,12,175
smiletemplates.com,12,12
okstate.edu,12,24
kbs.co.kr,12,75
servisten.net,12,180
izeus.com.br,12,27
odoo.com,12,43
vcp.ir,12,76
selfprof.net,12,36
pokemonshowdown.com,12,12
nlpi.edu.tw,12,83
scout.co.kr,12,12
aliveplatform.com,12,12
controlacademico.com,12,24
malanow.pl,12,24
gov.taipei,12,34
bartlettschools.org,12,12
infn.it,12,42
ipb.ac.id,12,71
isciii.es,12,64
hocom.tw,12,84
city.tomigusuku.okinawa.jp,12,154
golf-hp.com,12,77
moenv.gov.tw,12,20
dhu.edu.cn,12,13
hoanghoa.gov.vn,12,48
uzone.id,12,12
bakrie.ac.id,12,30
slemankab.go.id,12,34
ncu.edu.tw,12,70
hhu.edu.cn,12,12
puc.ac.bd,12,12
gliwice.pl,12,28
ecust.edu.cn,12,12
gimletlms.com,12,25
smartlasik.co.kr,12,12
ub.edu,12,36
admir.md,12,48
polstrany.ru,12,444
myintegrho.com,12,24
mkmapps.com,12,84
bmcertification.com,12,12
canada.ca,12,61
kejaksaan.go.id,12,42
plug.it,12,12
ugal.ro,12,37
pgsd.ms,12,24
indiana.edu,12,47
sarawak.gov.my,12,145
gescof.com,12,48
ma.leg.br,12,111
seongnam.go.kr,12,67
mediclic.cl,12,24
mspcoeurdesaintonge.fr,12,12
uiowa.edu,12,23
joins.com,12,38
codrse.com,12,12
book4time.com,12,23
silla.ac.kr,12,77
uc.pt,12,61
aha.io,12,36
pharmacollect.ch,12,18
lacounty.gov,12,42
nyu.edu,12,38
sharmhurghadaexcursions.com,12,24
ilsole24ore.com,12,85
hxwk.org,12,12
irpage.co.kr,12,24
investorroom.com,12,16
fatpizzaorders.co.uk,12,24
iraiser.eu,12,27
ugd.edu.mk,12,26
facel.pe,12,180
wir-liefern-getraenke.de,12,12
rg.tj,12,12
ststat.net,12,16
melhordelivery.com,12,58
evaluations.ovh,12,48
rda.go.kr,12,36
gov-civil-beja.pt,12,72
careshield.com,12,32
nghean.gov.vn,12,28
dlaprzedszkoli.eu,12,12
kedirikota.go.id,12,78
webshopapp.com,12,17
gdprmysites.com,12,24
quatrodigital.com,12,29
sliven.net,12,25
kantinkartsistemi.com,12,216
mn.gov,12,12
markmurray.co,12,12
searchinafrica.com,12,48
official.career,12,36
dga.jp,12,65
viewlift.com,12,12
ongfb.com,12,60
xn--vamed-stationre-rehabilitation-7sc.at,12,360
kemenkeu.go.id,12,55
ciao.jp,12,49
oztag.com.au,12,12
elemecdn.com,12,52
pizzabroker.hu,12,15
madeira.gov.pt,12,41
paymentspring.com,12,14
hotnfresh.ca,12,108
iu.edu,12,27
dexignzone.com,12,34
gdol.com,12,120
pa.leg.br,12,156
sourceforge.net,12,21
residanat-dz.com,12,12
airbit.com,12,50
wvu.edu,12,33
rlp.de,12,61
pitt.edu,12,22
jadecom.or.jp,12,83
iamannitian.com,12,12
thainguyencity.gov.vn,12,970
idea-shopping.com,12,12
fjnu.edu.cn,12,13
korean-culture.org,12,48
mollacami.com,12,12
parkmodelsdirect.com,12,12
fierashop.ru,12,48
gallery.video,12,21
tn.gov,12,28
valuegolf.co.jp,12,18
gba.gob.ar,12,160
aposolutions.com,12,16
just-shop.jp,12,116
niraku-navi.com,12,35
pm-srv-14.de,11,26
unis.edu.br,11,31
arogis.it,11,506
lincoln.ac.uk,11,193
fashionweb.hu,11,11
cndh.org.mx,11,31
uniandes.edu.co,11,109
firebaseapp.com,11,21
mundojob.com,11,66
designmynight.com,11,11
mcmaster.ca,11,33
giuffre.it,11,22
unipd.it,11,67
inter-cdn.com,11,25
deciplus.pro,11,103
tamaliver.jp,11,41
psl.eu,11,24
ohp.jp,11,11
lvivmarket.net,11,77
alabama.gov,11,28
asdfinc.io,11,13
360grad-team.com,11,28
juicer.io,11,11
apache.org,11,17
quickbutik.com,11,32
pidopago.com,11,22
aspel.com.mx,11,21
crossiety.app,11,33
icar.gov.in,11,27
aboshop.fr,11,11
46graus.com,11,11
ddouglas.k12.or.us,11,22
avislatam.com,11,33
travsrv.com,11,18
yorkbbs.ca,11,11
ionicons.com,11,11
daknong.gov.vn,11,59
cpu.edu.cn,11,11
magenta.at,11,13
mehrspenden.de,11,153
kit.edu,11,17
aswu.edu.eg,11,22
khotels.com.tw,11,33
tipton-county.com,11,11
lyratris.net,11,11
librarycatalog.info,11,209
tavodarzelis.lt,11,56
jobijoba.com,11,11
mentorschools.net,11,11
tweb.fi,11,22
fiemt.ind.br,11,88
sexmamuskifilmiki.cyou,11,11
thexcite.com,11,11
scau.edu.cn,11,11
tu.ac.th,11,41
fvsd.us,11,11
darmowemamuski.cyou,11,11
lucyan.fr,11,14
wvusd.org,11,15
spiele-palast.de,11,22
campus7.in,11,506
uis.edu.co,11,59
purwakartakab.go.id,11,99
knust.edu.gh,11,21
mimbar.sg,11,33
ai-shinkyuuin-sekkotsuin.com,11,22
tvu.edu.vn,11,59
achacunsonbox.com,11,96
artcall.org,11,330
optimal-web.co.jp,11,77
sobressai.com.br,11,67
labcorp.com,11,11
zuel.edu.cn,11,11
obihiro.ed.jp,11,86
herford.de,11,78
77betmyr2.com,11,11
tom.ru,11,27
urgentiewijzer.nl,11,44
ironit.org.il,11,33
regioncajamarca.gob.pe,11,221
dghs.gov.bd,11,199
iaescore.com,11,66
zip-components.ru,11,11
hannam.ac.kr,11,79
liveabc.com,11,33
confreg.org,11,11
geely.com,11,14
knue.ac.kr,11,45
aegean.gr,11,84
yju.ac.kr,11,21
kouryakuki.net,11,67
federmanager.it,11,31
smartchoiceschools.com,11,22
bloomfield.k12.nj.us,11,44
simplybook.cc,11,22
bmkg.go.id,11,36
umd.edu,11,20
njmu.edu.cn,11,11
ukm.my,11,69
novanet.es,11,24
uem.br,11,15
liberfit.fr,11,11
nnov.ru,11,30
upnjatim.ac.id,11,52
cineplex.com,11,11
goldenplata.ru,11,11
sangraha.net,11,13
unt.edu,11,19
u-shizuoka-ken.ac.jp,11,66
portage.k12.in.us,11,11
buscabusca.com.br,11,132
biblioteche.it,11,11
kazu-seitai.com,11,77
leoart.pl,11,11
mvisd.com,11,11
premiera-oboi.ru,11,11
oncourseconnect.com,11,22
fs.gov.za,11,33
helpmundo.de,11,18
hochiminhcity.gov.vn,11,212
buzsoftware.com,11,28
gifu-u.ac.jp,11,28
city.nagoya.jp,11,81
atavolo.com,11,11
icmed.ro,11,22
wum.edu.pl,11,40
vncare.vn,11,11
medkhv.ru,11,19
my1.ru,11,19
clickandcollection.com,11,11
szalas.hu,11,15
emnuvens.com.br,11,66
68edu.ru,11,11
comune.parma.it,11,14
agencjainnowacji.pl,11,12
lolipop.jp,11,62
webia.fi,11,11
sobol-mex.ru,11,22
zakazbuketov.kz,11,11
hall-info.jp,11,49
univerzo.hu,11,11
pitnica.ru,11,11
conects.com,11,11
bllv.de,11,81
ballaingatlan.hu,11,44
periksa.tech,11,43
witglobal.net,11,11
uk.net,11,19
gdynia.pl,11,17
nagasaki-u.ac.jp,11,46
get.com.tw,11,24
ispcloud.com.br,11,110
gen.ms.kr,11,22
godomall.com,11,78
complexbar.ru,11,11
6profis.de,11,19
ibelsa.com,11,11
rice.edu,11,23
farvisioncloud.com,11,33
skillsnetwork.site,11,11
esginnova.com,11,62
humanscale.com,11,33
miclub.com.au,11,14
miraheze.org,11,29
wtrg.io,11,11
state.nm.us,11,26
spaghetti-interactive.it,11,31
blogs.com,11,46
gwe.ms.kr,11,40
edusuite.asia,11,286
artcom.tw,11,11
feg.de,11,12
clubcaddie.com,11,22
zgh.hr,11,11
missourievergreen.org,11,11
wdr.de,11,77
utem.edu.my,11,26
babavive.com,11,11
kupikarto.si,11,22
abcsys.com,11,30
bay.k12.fl.us,11,79
microsoft.com,11,11
4-ever.co.kr,11,11
shzu.edu.cn,11,11
wedhub.ru,11,11
creditinfo.com,11,23
slzpn.pl,11,12
chio-chio.ru,11,396
scania.com,11,44
paritor.com,11,41
forms-wizard.biz,11,33
siteface.net,11,32
childrensmercy.org,11,50
dzlm.de,11,16
iscu.ac.kr,11,20
mylusd.org,11,11
luminouslatticeland.website,11,11
thmbnb.com.tw,11,86
planeetta.net,11,121
multiaviso.com,11,52
panteion.gr,11,14
associadas.com.br,11,11
npcdn.net,11,13
blox.xyz,11,11
tptq-arabic.com,11,32
albagym.ru,11,22
darwinbox.io,11,22
rentcafe.com,11,11
matbaomedia.com,11,17
holidayagent.nl,11,47
sh.gov.cn,11,17
danskepornofilm.top,11,11
febc.net,11,43
my-masjid.com,11,132
ruspo.ru,11,42
nueva-acropolis.es,11,11
vsturizm.ru,11,11
hw.net,11,11
admir.com.ua,11,44
centrogeo.org.mx,11,12
totalav.com,11,59
wvsd.org,11,11
volvocars.ro,11,11
itron.com,11,12
interactivos.net,11,12
city.kumamoto.jp,11,12
shingu.ac.kr,11,24
findmycareer.com,11,22
pucksystems2.com,11,55
nsuok.edu,11,55
peepl.io,11,22
haywood.k12.nc.us,11,11
petafuel.net,11,15
echtguit.com,11,27
hatena.ne.jp,11,16
tcdn.com.br,11,19
inwise.net,11,11
ead.br,11,11
traccar.com,11,22
volvox.rs,11,11
forest.gov.tw,11,14
enjoy.jp,11,18
propertyre.it,11,11
tk-kit.ru,11,11
do.am,11,25
istanbulmasajspa.net,11,121
veolia.co,11,11
xn--szukamksiki-4kb16m.pl,11,11
ubicentrex.net,11,22
fuersorge-im-alter.de,11,55
subiweb.net,11,33
jk.gov.in,11,52
schoolelement.in,11,32
tpx.tw,11,20
thetoolkit.io,10,14
meti.go.jp,10,38
araba.eus,10,43
univ-lille.fr,10,23
pkru.ac.th,10,21
santacruzcountyca.gov,10,20
u-toyama.ac.jp,10,51
alberta.ca,10,223
teamsupport.com,10,20
pornsexfm.com,10,10
ansolution.de,10,10
tingroom.com,10,23
softecks.in,10,10
autorola.com,10,18
playerspace.com,10,613
sendvid.com,10,10
rjf.com,10,10
myschoolone.com,10,40
uniri.hr,10,13
hcmue.edu.vn,10,24
ucsc.edu,10,10
iinvestoffice.com,10,460
sytes.net,10,23
sbportal.es,10,10
ires.pl,10,200
healthandmedicineinfo.com,10,40
uplus.co.kr,10,52
ftw.jp,10,20
meetaimy.com,10,111
cpmfiles4.com,10,10
sbschools.org,10,10
kbstar.com,10,13
castus.tv,10,11
elte.hu,10,33
sourceforge.io,10,25
filmyerotycznesex.cyou,10,10
play18.com,10,20
lakeshore.com.tw,10,15
bpk.go.id,10,10
kotawaringinbaratkab.go.id,10,221
eventkey.pt,10,10
reygers.de,10,14
xxxmoi.com,10,10
getmall.co.kr,10,12
neo.id,10,10
segob.gob.mx,10,11
intraforserver.com,10,10
alipromo.codes,10,20
philharmoniedeparis.fr,10,97
Fonts.net,10,12
aberdeenstandard.net,10,10
readwhere.com,10,10
ipoint.si,10,10
zeelandveilig.nl,10,11
gardenjornal.com,10,20
datasae.co,10,35
helium-connect.fr,10,370
karnemiz.com,10,10
um.edu.mo,10,11
upc.edu,10,48
mmir.pro,10,21
strato-hosting.eu,10,10
inah.gob.mx,10,30
topsellerie.com,10,60
presscentric.com,10,10
tomafood.com,10,10
regione.campania.it,10,471
ttsviajes.com,10,21
uwks.ac.id,10,69
singhabeer-global.com,10,10
mlstatic.com,10,10
themindtrap.com,10,10
epresis.com,10,460
hrplanets.in,10,55
unt.edu.ar,10,10
gomy.house,10,20
cybersoulhost.ru,10,33
nutn.edu.tw,10,29
somaiya.edu.in,10,111
client.jp,10,36
mec.pt,10,39
unitomo.ac.id,10,41
unizg.hr,10,20
binhphuoc.gov.vn,10,130
rks-gov.net,10,149
zennichi.or.jp,10,25
craving.net.ar,10,10
icoopsiam.com,10,30
diputaciondevalladolid.es,10,20
onleihe.com,10,20
sushiman75.ru,10,10
wolterskluwer.io,10,11
uniport.edu.ng,10,50
silvexcraft.eu,10,460
openitemapp.com,10,10
idaho.gov,10,17
4khd.com,10,10
appellia.com,10,460
sachsen.de,10,79
sis.edu.vn,10,20
classreach.com,10,190
postach.io,10,21
tevreden.nl,10,20
syr.edu,10,66
korea.net,10,100
body-pit.ru,10,10
sdsu.edu,10,40
festival-lumiere.org,10,44
pornofilmer.sbs,10,10
ul.com,10,12
sfedu.ru,10,37
electude.com,10,10
scusd.edu,10,10
studentchoice.org,10,10
ran4u.com,10,127
winnou.net,10,50
gogofactory.co.kr,10,10
volunteerportal.org,10,20
bdpost.gov.bd,10,10
desiblitz.com,10,30
walmark.eu,10,12
tianci56.com,10,10
bobitstudios.com,10,10
landsharkbarandgrill.com,10,10
mef.gov.it,10,38
att.com,10,51
polikarbonates.com,10,10
zoloto-md.ru,10,10
jotform.io,10,10
obisis.com,10,10
kulturhotell.se,10,50
foxdox.de,10,180
usc.edu,10,14
usk.ac.id,10,61
xoduslab.com,10,14
dealerjazz.com,10,70
unad.edu.co,10,13
hacienda.gob.mx,10,11
bcsir.gov.bd,10,10
iit.it,10,11
ou.edu,10,51
uky.edu,10,34
aragon.es,10,31
bu.edu,10,27
haifa.ac.il,10,26
sasayama.jp,10,10
csf.bc.ca,10,27
darmowefilmyporno.cyou,10,10
ohio.gov,10,75
menkira.jp,10,10
agidesk.com,10,10
bigmat.it,10,10
strath.ac.uk,10,29
univ-jijel.dz,10,22
secoauto.com,10,26
cbnu.ac.kr,10,50
guam.gov,10,51
health.zp.ua,10,10
ssm-erp.com,10,40
xn----ctbhc1cos.xn--p1ai,10,10
aht.at,10,50
medhub.com,10,10
isquad.es,10,24
fss.or.kr,10,23
uah.es,10,51
sub.jp,10,44
alatau.market,10,10
mop.gob.cl,10,35
ansan.ac.kr,10,40
empresasyservicios.pe,10,40
chikaya.ma,10,10
edubiz.com.tr,10,10
top24.news,10,10
goodplace.eu,10,19
openrepository.com,10,20
psico.edu.uy,10,197
yorku.ca,10,45
amsschools.org,10,10
ratsinfomanagement.net,10,98
tubitak.gov.tr,10,72
caldwellschools.org,10,21
hcmuaf.edu.vn,10,44
up.gov.in,10,52
moseparh.ru,10,11
moa-ba.com,10,10
waseda.ac.jp,10,24
mincultura.gov.co,10,71
rcas.org,10,10
univ-angers.fr,10,35
lic.zhitomir.ua,10,10
villa-group.com.tw,10,19
cnems.kr,10,10
superseks.top,10,10
gratissexfilmskijken.com,10,10
gemezz.mobi,10,10
gen.es.kr,10,29
grobogan.go.id,10,84
hcmpeople.com.br,10,120
pb.co.nz,10,50
cloudlab.digital,10,90
chuo-u.ac.jp,10,35
xunta.gal,10,165
server-shared.com,10,37
cabinetmedical-renaissance-royan.fr,10,10
dasa.com.br,10,10
cityu.edu.mo,10,120
oneci.ci,10,80
maine.edu,10,49
ddns.com.br,10,281
gov.cz,10,34
ftu.edu.vn,10,15
eu.org,10,12
yamaha.com,10,26
garvey.k12.ca.us,10,20
vsesdelki.com.ua,10,40
banzai.org,10,10
nivon.nl,10,10
connecthys.com,10,460
dispongo.com,10,19
mysecureoffice.com,10,10
sogears.com,10,50
secure.website,10,10
mynavi.jp,10,197
sze.hu,10,26
ugr.es,10,50
uop.gr,10,14
uodiyala.edu.iq,10,14
paju.go.kr,10,29
losrios.edu,10,10
draugas.lt,10,26
nsu.ru,10,70
3dn.ru,10,24
finbot.co.il,10,90
oneworld.com,10,10
dansk.sbs,10,10
q4b.fr,10,20
suda.edu.cn,10,11
deco-apparel.com,10,10
ubb.ac.id,10,30
ac-lyon.fr,10,13
kyutech.ac.jp,10,29
newlogic.cz,10,18
uminho.pt,10,212
shiga-ec.ed.jp,10,43
ucv.ro,10,26
emory.edu,10,30
videotorium.hu,10,10
cpsed.net,10,10
pornofilm.sbs,10,10
pb.edu.pl,10,11
mcfls.org,10,50
medikus.cz,10,19
mt.gov,10,27
mineduc.cl,10,27
leadermacher.immo,10,10
kurganobl.ru,10,169
recruitgenie.co.uk,10,20
asmenet.it,10,10
nitfm.pt,10,20
xneelo.com,10,110
ostrov-sokrovisch.ru,10,20
keycdn.com,10,10
ticka.it,10,40
sikisme.sbs,10,10
lifego.tw,10,10
tycg.gov.tw,10,19
sjn.de,10,13
vieportal.net,10,100
conaf.it,10,1.400
tym.ed.jp,10,10
ualberta.ca,10,13
greatrecruiters.com,10,10
valenciacollege.edu,10,74
silverinstruments.com,10,20
wine.co.za,10,10
mait.ac.in,10,14
kaiserpermanente.org,10,13
nthu.edu.tw,10,34
nantou.gov.tw,10,64
ms.gov,10,34
ausd.net,10,10
uwboeking.com,10,37
optavis.fr,10,30
siamvip.com,10,10
sonax.net.br,10,50
rai.it,10,22
rokanhulukab.go.id,10,33
pskgu.ru,10,18
aliyuncs.com,10,17
barcelona.cat,10,15
tokenoftrust.com,10,80
mupa.gob.pa,10,24
shanghai.gov.cn,10,10
jejudo.com,10,40
ckeditor.com,10,57
karekodmenu.net,10,100
zcu.cz,10,81
mju.ac.th,10,48
tirol-kliniken.at,10,200
ccan.co.uk,10,20
dicomgrid.com,10,50
du.ac.bd,10,56
communityq.com,10,10
jspm.io,10,18
ciirus.com,10,34
washington.edu,10,15
fotaflo.com,10,46
wyo.gov,10,20
mortgagecalculator.biz,10,110
gratispornofilm.top,10,10
zabedu.ru,10,12
persiangig.com,10,10
snappykraken.com,10,10
viva.gr,10,20
eduvem.com,10,10
whitelabelcdn.com,10,23
adventistchurch.com,10,10
eastorange.k12.nj.us,9,9
unodc.org,9,9
sexchat24h.com,9,45
agel.sk,9,31
upc.edu.pe,9,21
sorryapp.com,9,9
autoverify.com,9,9
my-private.club,9,9
xmu.edu.cn,9,24
yoasobi.co.jp,9,11
livechat.lt,9,9
fukushima-u.ac.jp,9,27
katolicki.eu,9,12
personica.com,9,15
nj.gov,9,30
leeds.gov.uk,9,9
wsi.ac.kr,9,23
curseforge.com,9,36
pleasure-ladies.com,9,9
kre.hu,9,11
galwaycommunityheritage.org,9,36
culturainglesa.com.br,9,9
osakasayama.ed.jp,9,117
voda-sestrica.ru,9,225
unr.edu.ar,9,13
onlinebank.com,9,107
fafu.edu.cn,9,16
lisaacademy.org,9,9
sportsengine-prelive.com,9,41
bricksandagent.com,9,69
shoplightspeed.com,9,10
sportify.bet,9,18
supervalue.co.nz,9,9
uaeh.edu.mx,9,72
nfu.edu.tw,9,25
mspducastelas.fr,9,9
uin-antasari.ac.id,9,11
webcamrips.to,9,9
tiff-jp.net,9,36
um.ac.id,9,35
gunadarma.ac.id,9,104
electroshoki.ru,9,9
nthtechnology.com,9,9
divio-media.com,9,9
cinvestav.mx,9,14
redcart.pl,9,13
sexyindiafilms.com,9,9
blackgold.org,9,45
madrid.es,9,9
sydneyplus.com,9,9
yourwebsite.life,9,9
dosb.de,9,9
comunidades.net,9,9
vision.kz,9,9
ujianku.my.id,9,9
pornoslike.sbs,9,9
glsverygood.org,9,9
shou.edu.cn,9,9
futureartist.net,9,83
bdimg.com,9,10
okweb.asia,9,70
gminaoswiecim.pl,9,9
auntbertha.com,9,9
apotekisto.com,9,9
brppac.com,9,18
cmcdn.dk,9,108
alaska.gov,9,22
myweberp.co.in,9,1.404
rapidflarecdn.net,9,9
yyu.edu.tr,9,47
cloudwaysapps.com,9,31
pom.go.id,9,36
tango-hotels.com,9,65
progressteaching.com,9,9
umh.es,9,23
ntua.gr,9,58
kp.gov.pk,9,29
sittnet.net,9,42
heraldm.com,9,11
tsushima-schoolnet.jp,9,15
vixverify.com,9,9
rockspotclimbing.com,9,9
sbsbeautystyle.com,9,9
vntu.edu.ua,9,39
mncdn.com,9,25
onepagebooking.com,9,14
geiledamen.com,9,9
edliotest.com,9,9
pornofilm.cyou,9,9
tokushima-u.ac.jp,9,19
zavedenia.biz,9,117
blueeyes.com.tw,9,26
seksvideo.cyou,9,9
tulane.edu,9,17
izimessage.com,9,9
limitedrun.com,9,9
dialotel.io,9,50
yoyotaitung.com.tw,9,17
qq.com,9,75
pref.ibaraki.jp,9,22
cmcnu.or.kr,9,15
sbcisd.net,9,9
natlib.uz,9,66
clamsnet.org,9,45
getbb.ru,9,108
una.py,9,63
difesaonline.it,9,18
uni-freiburg.de,9,25
unistrasi.it,9,134
journalspub.info,9,54
ultipro.com,9,18
wustl.edu,9,42
darmoweporno.sbs,9,9
hani.co.kr,9,148
khs.go.kr,9,81
bn-ent.net,9,23
turnos.app,9,9
hub.edu.vn,9,29
progresscloud.it,9,45
nwwn.de,9,11
amazingfornu.com,9,9
hrvatskiporno.sbs,9,9
upswing.io,9,36
kingsbikes.net,9,9
guadalajara.gob.mx,9,63
runnertag.site,9,45
navajo-nsn.gov,9,17
kzvalmez.cz,9,9
mycarcarerewards.com,9,18
cancer.gov,9,232
sulselprov.go.id,9,77
hc.edu.uy,9,9
empresaselojas.com.br,9,36
hinet.net,9,29
pelesys.com,9,9
regione.fvg.it,9,43
bizkaia.eus,9,24
pizzeriamaestro.ro,9,27
lku.lt,9,9
kipris.or.kr,9,39
funaisoken.co.jp,9,17
dlakave.sbs,9,9
sports.or.kr,9,47
warwickshire.gov.uk,9,13
mfds.go.kr,9,21
e-citiz.com,9,207
unsw.edu.au,9,84
eps74.ru,9,34
progiapps.fr,9,22
mtsglobe.com,9,32
goa.gov.in,9,156
kikyouya.co.jp,9,18
zohopublic.eu,9,9
docugestiona.com,9,27
quadrafacil.com.br,9,9
arendacar.ru,9,9
biofinger.com.br,9,18
umamiinfo.com,9,9
hasdpa.net,9,9
ciamiskab.go.id,9,48
resemmedia.com,9,9
spectrum.life,9,9
graphisoft.com,9,9
norskporno.sbs,9,9
lunarluminatezone.fun,9,9
cylearn.co.kr,9,24
uady.mx,9,36
isehara.ed.jp,9,36
portalcwcsistemas.com.br,9,32
agricultura.gov.br,9,80
bepschools.org,9,9
sgdf.fr,9,12
brascast.com,9,72
azeriporno.sbs,9,9
tamaulipas.gob.mx,9,31
centerusd.org,9,9
geona-dveri.ru,9,53
polri.go.id,9,57
furusatonagawa.com,9,48
cao.go.jp,9,117
cuc.edu.cn,9,9
intelligentlabs.org,9,18
entirehr.com.au,9,18
intedya.com,9,18
bdue.de,9,113
700shin.ru,9,9
iformalia.es,9,102
roller.app,9,10
gupe.com.br,9,9
vcatalog.ro,9,18
bus-go.com,9,13
jhmi.edu,9,12
vanderbilt.edu,9,27
ibaraki.ac.jp,9,23
unsa.edu.ar,9,31
h-index.com,9,81
aebn.net,9,10
versal-wood.com,9,9
hscity.go.kr,9,39
mopita.com,9,60
healthcarestaffinghire.com,9,72
deltapublications.in,9,9
americascup.com,9,30
eye-homepage.net,9,54
xn--80aeam7bte.com,9,9
matorke.sbs,9,9
sportsites.com,9,144
ipdj.gov.pt,9,51
univ-oran1.dz,9,19
rdk.rzeszow.pl,9,18
saiseikai.or.jp,9,65
ehime-u.ac.jp,9,22
sitestudio.it,9,9
jethrosdesmoines.com,9,9
zohowebstatic.com,9,27
zamosc.pl,9,10
educarex.es,9,127
msp-gleize-epinay.fr,9,9
hkjc.com,9,55
vergentlms.com,9,39
johnlscott.com,9,9
nefes.az,9,27
allstatics.com,9,9
mlit.go.jp,9,30
hostedwise.nl,9,29
iranianboobs.com,9,9
greenhousecms.co.uk,9,13
incheon.go.kr,9,27
tulangbawangkab.go.id,9,135
depaul.edu,9,30
vsezhkh.ru,9,45
ekklesia360.com,9,9
zabrze.pl,9,55
kertn.net,9,22
sstore.pl,9,32
servismerkez.com.tr,9,27
vcelka.cz,9,10
bandung.go.id,9,40
gov.cv,9,66
erzbistum-bamberg.de,9,10
fichtelgebirge.bayern,9,189
sumselprov.go.id,9,70
pizzanwings.ca,9,81
italiacori.it,9,9
htu.edu.vn,9,18
yorumachi.jp,9,18
helpnow.ai,9,9
deltauniv.edu.eg,9,9
sardjv.co.uk,9,9
getscl.com,9,9
dentalhealth.org,9,38
tucst.edu.vn,9,27
kruk.eu,9,9
uottawa.ca,9,16
ipanelonline.com,9,45
automotivemahindra.com,9,9
usst.edu.cn,9,9
clinectsurvey.com,9,82
umi.ac.id,9,65
am.leg.br,9,88
biahosted.com,9,18
mikatiming.com,9,9
comune.prato.it,9,21
the-radiators.com,9,18
assets.nhs.uk,9,11
k12k.com,9,18
geocloud.jp,9,14
papua.go.id,9,84
africanir.com,9,99
hit-u.ac.jp,9,29
ucoz.com,9,34
serpro.gov.br,9,13
novascotia.ca,9,17
cityofsanctuary.org,9,18
whittiercity.net,9,18
w-shiya.com,9,17
jac-doscar.kz,9,18
hostpoint.com,9,89
fxrec.com,9,12
jonahsystems.com,9,9
shopstart.hu,9,14
megastudy.net,9,11
earlybirdbrunch.com,9,9
showmojo.com,9,9
asia.edu.tw,9,9
dpfc.or.kr,9,86
die-radiologie.de,9,9
muzeumwarszawy.pl,9,16
istanbul.edu.tr,9,63
valuecard.co.il,9,33
websoft.ru,9,9
hier-im-netz.de,9,10
takushoku-u.ac.jp,9,46
max-models.com,9,9
quieromusicos.com,9,414
itraining.tw,9,31
pa.gov,9,28
cu.ac.kr,9,18
bostitch.eu,9,18
ous.ac.jp,9,27
yln.info,9,45
tdtu.edu.vn,9,210
my-eshop.info,9,9
mendoza.gov.ar,9,148
disney.com,9,11
newmips.cloud,9,21
forms-wizard.co,9,27
itam.mx,9,24
mh-chine.com,9,9
rtlcss.com,9,9
cdn4lms.com,9,23
bwlgroup.com,9,19
janrain.com,9,9
fez-berlin.de,9,144
stroitelstvo-domov-pod-klyuch.ru,9,54
tmoney.co.kr,9,11
ucm.es,9,31
khsu.ru,9,9
dgpbonline.no,9,17
spenga.com,9,9
sociabuzz.com,9,45
selezionieconcorsi.it,9,72
infocaption.net,9,9
city.hiroshima.jp,9,73
ticketsimply.com,9,25
akusherstvo.ru,9,36
cucco.com.br,9,531
chu.jp,9,19
sg.ch,9,177
avolvecloud.com,9,9
nyj.go.kr,9,25
glopalstore.com,9,9
um.edu.my,9,33
seedtechnologies.com,9,396
vicireon.net,9,11
nyc.gov,9,28
simkeskhanza.com,9,9
nein.ed.jp,9,30
newforesthotels.co.uk,9,17
talento.cloud,9,90
uta.edu,9,120
apsny.land,9,45
gumrf.ru,9,15
staticfile.org,9,14
ncl.edu.tw,9,64
vpauto.fr,9,9
practostatic.com,9,9
kubannet.ru,9,21
tunn3l.com,9,9
deu.edu.tr,9,71
uniroma3.it,8,303
armtek.ru,8,8
branchbobstatic.com,8,8
planyo.com,8,9
stijndv.com,8,8
kostat.go.kr,8,56
staffsavvy.me,8,8
amaterski.sbs,8,8
fau.edu,8,24
x-grouprestaurant.com,8,80
dphosting.si,8,144
xn--80aa2apjhca.xn--p1ai,8,8
us.edu.pl,8,21
umich.mx,8,24
mijntijdschrift.net,8,8
heegeo.fr,8,88
bsj.jp,8,24
smssnsk.ru,8,11
roboticket.com,8,196
scepia.fr,8,16
mysellerreports.com,8,8
man4acehbesar.com,8,8
udelar.edu.uy,8,14
guc.edu.eg,8,8
recovery-ub.jp,8,16
carpages.ca,8,8
kit.ac.jp,8,16
iiti.ac.in,8,11
ppu.edu,8,40
zhkh-data.ru,8,40
freiburg.de,8,73
gtsstatic.net,8,8
opinioninsight.com,8,16
c-sglobal.com,8,8
tegalkab.go.id,8,13
cdn-fu-kakumei.com,8,29
omesa.es,8,376
miamedyaajans.com,8,80
emenu.hu,8,8
qdm.cloud,8,11
peshawarhighcourt.gov.pk,8,16
tmu.ac.jp,8,56
uni-kl.de,8,91
cuk.edu,8,16
mannatech.com,8,8
ambrix.nl,8,32
orderss.co.il,8,24
umw.edu,8,25
ico.bz,8,30
edart.co.uk,8,8
yoo7.com,8,8
stolle.ru,8,8
virtualdj.com,8,96
erfurt.de,8,76
jalisco.gob.mx,8,53
schoolspace.us,8,8
harran.edu.tr,8,250
agro-top.store,8,8
gu.se,8,57
mass.edu,8,22
uoqasim.edu.iq,8,64
fa-chicken.com,8,8
cosmeticstar.ru,8,127
dbpia.co.kr,8,8
golos.net.ua,8,48
zatappeal.com,8,43
hocking.edu,8,19
gameizm.net,8,8
myweberp.in,8,1.248
ncut.edu.tw,8,29
cavasoft.fr,8,8
conholdate.com,8,8
umpo.ac.id,8,32
eatintakeout.net,8,88
bousd.us,8,8
pansp.pl,8,9
chelseareservations.com,8,11
homeowners-quote.com,8,64
redwall.com.tw,8,18
pornoazeri.cyou,8,8
marion.or.us,8,29
busan.go.kr,8,43
pan.pl,8,20
pinnersconference.com,8,8
kma.go.kr,8,29
do.zt.ua,8,8
davalka.cc,8,8
hcn.co.kr,8,32
juntaex.es,8,24
gkagloria.id,8,25
openlibhums.org,8,24
fontmirror.com,8,15
uii.ac.id,8,15
vortexnetsol.com,8,24
utsa.edu,8,33
gouv.bj,8,26
elmiracityschools.com,8,16
hoseo.ac.kr,8,36
xn----7sbnenlcs2b.xn--90ais,8,24
northbergen.k12.nj.us,8,8
sep.gob.mx,8,13
muz-school.ru,8,13
foreversites.com,8,52
toeat.ca,8,72
u-paris.fr,8,8
uni-lj.si,8,15
polimi.it,8,45
gifu.lg.jp,8,47
mipretty.co.kr,8,56
hccg.gov.tw,8,13
regione.sicilia.it,8,16
vashotel.ru,8,50
regione.lazio.it,8,19
nny.edu.tr,8,10
ptcloud.de,8,329
danskporno.sbs,8,8
upol.cz,8,70
mbgsd.org,8,16
padangpariamankab.go.id,8,43
reginapp.ru,8,30
surabaya.go.id,8,130
laleynext.es,8,57
urparts.com,8,136
shueisha.co.jp,8,19
jpf.go.jp,8,17
uin-malang.ac.id,8,20
sakae-sign.jp,8,9
campinas.sp.gov.br,8,17
umb.edu,8,24
webnikah.com,8,8
fordham.edu,8,38
nambu.ac.kr,8,16
uajy.ac.id,8,56
rku.ac.in,8,36
razgruzchiki.kz,8,8
baysideonline.com,8,9
j-cc.cn,8,39
beautycheck.it,8,8
nominalia.com,8,21
point-s.de,8,8
keyivr.com,8,8
imperago.co.uk,8,18
unicagroup.es,8,80
ufscar.br,8,24
mjustice.dz,8,8
elixforms.it,8,23
lamail.xyz,8,8
dost.gov.ph,8,27
calendarwiz.com,8,30
googlefonts.cn,8,14
eroporn.club,8,8
quantecon.org,8,8
synergy.ru,8,27
inspirenolacharterschools.org,8,8
dsmc.or.kr,8,42
edu.gov.qa,8,79
albverein.eu,8,8
taiz.edu.ye,8,40
careofme.net,8,8
sabicom.cloud,8,40
vsevobr.ru,8,20
usm.ac.id,8,51
mt.co.kr,8,13
uinjambi.ac.id,8,14
ridna.ua,8,18
kmitl.ac.th,8,20
iisc.ac.in,8,17
bantulkab.go.id,8,73
coremanager.info,8,16
com.de,8,17
salesianos.cl,8,71
waseda.jp,8,12
saraga.id,8,8
untan.ac.id,8,40
sewingguide.de,8,16
edu.ro,8,21
thetiffintin.com,8,15
zoothailand.org,8,23
boo.jp,8,23
eu.mk,8,31
buenosaires.gob.ar,8,9
seksmelayu.org,8,8
ac-strasbourg.fr,8,19
myvetstoreonline.pharmacy,8,24
cshape.net,8,24
ricoh.co.jp,8,138
kmutnb.ac.th,8,15
unisa.edu.au,8,26
mtu.ie,8,67
unl.edu,8,57
sivipos.co,8,192
talkshop.live,8,8
mijnleninginzicht.nl,8,8
tez-tour.com,8,8
mts-home.online,8,290
worldssl.net,8,24
hkbu.edu.hk,8,64
pornomaturegratuit.com,8,8
beneve.com,8,12
sanita.fvg.it,8,56
lawbrokr.com,8,16
sgasoftware.com,8,16
ouc.edu.cn,8,8
tu-dresden.de,8,37
jebacine.sbs,8,8
axioart.com,8,8
viettel.vn,8,13
portalefipav.net,8,8
racingbazar.hu,8,52
globalspec.com,8,14
mjedge.net,8,10
kosha.or.kr,8,65
outsystemscloud.com,8,8
x-legend.com.tw,8,29
nits.ac.in,8,8
nightfei.com,8,8
helyitipp.hu,8,8
upi.edu,8,53
ideabeam.com,8,11
municipalone.com,8,8
nikke-tennis.jp,8,116
up.pt,8,36
scu.edu.tw,8,22
ho-plus.com,8,8
vosges.fr,8,19
pref.aichi.jp,8,41
jcsb.org,8,8
yonam.ac.kr,8,42
kakaopark.com,8,8
bsu.by,8,22
externalnaw.es,8,8
mon-expert-en-gestion.fr,8,32
unibo.it,8,12
jusmisiones.gov.ar,8,8
sitzung-online.de,8,60
tum.ac.ke,8,84
esaunggul.ac.id,8,48
4ty.gr,8,8
hust.edu.cn,8,13
odysol.com,8,8
sharevision.ca,8,8
cfsd16.org,8,8
luc.edu,8,45
javacoding.online,8,17
ebnermedia.de,8,15
cecar.edu.co,8,12
kan-therm.com,8,8
zsdoor.ru,8,48
gsl-service.net,8,28
incijfers.nl,8,9
flipaio.de,8,8
vamed-ambulante-rehabilitation.at,8,240
nowsignage.com,8,8
univ-setif.dz,8,21
addthis.com,8,8
kwikk.se,8,8
sydney.edu.au,8,12
buap.mx,8,37
dpuerp.in,8,9
wat.edu.pl,8,16
charlotte.edu,8,19
agd.tm.pl,8,8
virtuele-gemeente-assistent.nl,8,9
domaciporno.sbs,8,8
boletosenlinea.events,8,11
frasco100.cc,8,8
bkcat.co.uk,8,13
implan.co.kr,8,32
yatomi-schoolnet.jp,8,8
vivecampus.com,8,8
atlanticoexcursiones.com,8,16
upto.com,8,9
edutivo.com.br,8,8
jise99.com,8,16
horanet.com,8,8
derby.gov.uk,8,152
mikecrm.com,8,16
uic.edu,8,29
plannen.nl,8,102
suzuyoshoji.co.jp,8,31
api-mir-kvestov.ru,8,8
miamidade.gov,8,51
vudoo.io,8,24
ipl.pt,8,96
givinggrid.com,8,64
qualcampus.com,8,128
ushudcache.com,8,8
neubox.ws,8,88
dealerinternet.co.uk,8,104
uiu.ac.bd,8,23
sta.io,8,11
quicksite.ch,8,8
mamypoko.com,8,88
ticketsforgood.co.uk,8,8
stadtwerke-ssl.de,8,136
goodneighbors.kr,8,8
unesco.org,8,29
bootswatch.com,8,11
bibliotheques-estensemble.fr,8,8
mycardplace.com,8,368
yuki-watanabe.com,8,9
ce.leg.br,8,98
aku.edu,8,46
govmu.org,8,17
breaknews.com,8,14
bcart.jp,8,22
trinket.io,8,15
aichi-c.ed.jp,8,36
uv.es,8,16
kohavt.org,8,40
uinjkt.ac.id,8,28
ueh.edu.vn,8,52
gov.on.ca,8,21
ed-minamiashigara.jp,8,488
regione.veneto.it,8,76
moja-ostroleka.pl,8,37
dhtmlx.com,8,9
maisonmedicalecoteaucommelle.fr,8,8
nishitakamatsu.jp,8,88
wrotapodlasia.pl,8,8
ultrai.net,8,8
reviewwave.com,8,8
timelabs.in,8,22
interactivebrokers.com,8,36
unitn.it,8,196
cy.edu.tw,8,37
neoloop.cz,8,14
sanitas.es,8,12
super.so,8,48
ice.go.kr,8,14
burningman.org,8,13
cuties-sites.com,8,86
sjhoteiseresort.com.br,8,8
otel.direct,8,8
booknow.com.tw,8,50
vxceed.net,8,39
crimestoppersweb.com,8,17
hknu.ac.kr,8,66
nttb.nl,8,16
nanet.go.kr,8,19
csod.com,8,8
tattoos.gallery,8,62
bas.bg,8,34
skr.jp,8,31
crweb.it,8,8
emis.edu.ba,8,54
gomel.by,8,38
videolucah.info,8,8
med.pl,8,17
adsystem.info,8,8
2bcreative.cz,8,8
eurek-art.com,8,8
bizon365.ru,8,8
campaignus.me,8,8
cafe-petra.com,8,8
naosel.net,8,56
trenggalekkab.go.id,8,52
palmchatbot.com,8,49
prim.es,8,8
tellja.de,8,8
uccuyosj.edu.ar,8,8
unina2.it,8,32
gum.gov.pl,8,8
formsite.com,8,8
pinksterconferentie.nl,8,8
4start.com.br,8,32
casper.aero,8,19
e-teorika.com.br,8,16
asmmiz.com,8,104
mailinglijst.nl,8,48
nagrobki.biz,8,8
ibm.com,8,14
haij.me,8,152
sisep.es,8,256
uni.edu.pe,8,97
demosphere.com,8,64
meteo.gr,8,88
kpnnews.org,8,8
swaven.com,8,8
lps.org,8,10
ncue.edu.tw,8,52
kiu.ac.ug,8,56
pttk.pl,8,8
cultura.gob.es,8,64
koreadepart.com,8,70
grabecomedical.com,8,16
kcookart.com,8,8
ap.leg.br,8,71
airtox.com,8,8
mailganer.com,8,38
envoi.com.br,8,16
pornoyukle.sbs,8,8
lvivedu.net,8,104
est.cm,8,15
recife.pe.gov.br,8,22
gbv.de,8,8
bufs.ac.kr,8,26
abwingsmd.com,8,24
hosei.ac.jp,8,21
vigifoncier.fr,8,14
realtysites.ca,8,8
iainkediri.ac.id,8,190
pipelinesuite.com,8,16
cbmoxi.com,8,8
moreland.org,8,16
cloudera.com,8,10
up.ac.mz,8,20
formlets.com,8,8
duskin-hozumi.co.jp,8,8
carobserver.de,8,8
pennergame.de,8,40
rsu14.org,8,8
gosignmeup.com,8,280
gnu.ac.kr,8,26
maarifschool.org,8,72
toastmasters.org,8,14
melett.com,8,8
layouthub.com,8,19
imodules.com,8,17
grandviewc4.net,8,8
shj.ae,8,75
przemyska.pl,8,10
jebacina.sbs,8,8
hachinohe-u.ac.jp,8,32
upriver.ru,8,26
tsinghua.edu.cn,8,9
arabiccoupon.com,8,16
unict.it,7,37
rdv-sante-iledenoirmoutier.com,7,7
atygabia.com,7,238
partition-magic-server.com,7,7
mgdongsaigon.com.vn,7,9
knia.or.kr,7,55
alta-profil.pro,7,14
goepc.kr,7,50
religiousopinions.com,7,7
leicester.gov.uk,7,11
puntomarinero.com,7,7
mtps.org,7,14
gezond.nl,7,11
albverein.net,7,14
ign.es,7,340
my-eoffice.com,7,21
dancing-doll.com,7,113
panda.org,7,26
uuh.ulsan.kr,7,12
picturedromecinemas.co.uk,7,28
pausado.com,7,7
forumotion.com,7,7
inserm.fr,7,64
lakeviewpublicschools.org,7,7
unhas.ac.id,7,12
slimspots.com,7,7
krone.at,7,26
join.gov.tw,7,14
manatron.com,7,33
boneter.com,7,7
masterfisch.com,7,21
wlu.edu,7,22
libraryhost.com,7,7
flawlessretail.com,7,7
flcourts.org,7,17
dhc.ac.kr,7,13
etnoua.info,7,7
truist.com,7,103
eatwalnut.com,7,7
tangerangkota.go.id,7,59
spaggiari.eu,7,12
dekalbcentral.net,7,7
webmutua.com,7,34
mgpu.ru,7,120
yesstreaming.com,7,16
jobthaigov.com,7,58
auvesta.de,7,7
mshonin.com,7,12
montebello.k12.ca.us,7,7
rakuno.ac.jp,7,56
unlam.edu.ar,7,58
cyim.com,7,60
baqend.com,7,7
pkf-m.ru,7,7
cttech.org,7,7
umsu.ac.id,7,39
rgl.org.il,7,14
neworg.com,7,14
pu.go.id,7,77
senai.br,7,30
mycourse.app,7,14
myfonts.ru,7,7
gamepedia.com,7,12
jeawincdn.com,7,7
otstatic.com,7,21
iwanuma-ed.jp,7,91
tind.io,7,14
smartsimple.ie,7,35
hoshiyomido.com,7,116
trisite.net,7,59
waiblingen.de,7,75
hacettepe.edu.tr,7,203
tegelcollectie.nl,7,7
csu.edu.tw,7,112
eletsonline.com,7,89
uatx.mx,7,38
integrityline.com,7,10
mubakab.go.id,7,35
vcu.edu,7,25
upnvj.ac.id,7,21
stmc.jp,7,21
tdslib.org,7,28
agu.edu.tr,7,7
rankomat.pl,7,10
istruzioneveneto.gov.it,7,980
csu.edu.au,7,77
pantheonsite.io,7,38
asan.go.kr,7,24
hubei.gov.cn,7,40
a1.ro,7,7
videomarketingplatform.co,7,14
elcampesinopgh.com,7,7
strefa.de,7,7
realmark.com.au,7,49
fau.de,7,106
saia.sk,7,21
kanie-schoolnet.jp,7,7
post.gov.tw,7,27
rcsnc.org,7,7
recruitment.kr,7,112
upsi.edu.my,7,12
unespadang.ac.id,7,42
hrdepartment.com,7,168
delfi.ee,7,7
vinnustund.is,7,7
gmsdk12.org,7,7
sen.es,7,33
miconcesionaria.com.ar,7,7
uinsgd.ac.id,7,37
nagoya-cu.ac.jp,7,50
sumbarprov.go.id,7,52
kisti.re.kr,7,30
pornicivideo.sbs,7,7
mopro.com,7,7
mazing.link,7,26
bbc.co.uk,7,28
tokushukai.or.jp,7,22
eduzilla.in,7,63
unige.it,7,27
cwa.gov.tw,7,7
infosel.com,7,21
letsendorse.com,7,21
rootangle.com,7,84
mairie.biz,7,7
mtu.edu,7,21
knsu.ac.kr,7,52
tv2.dk,7,129
ischia.it,7,11
salesians.cat,7,7
usm.my,7,38
openhr.app,7,98
abfitness.es,7,14
golfbook.in,7,7
ison24.com,7,19
fcesoyo.edu.ng,7,20
tkstrada.sch.id,7,7
niigata-u.ac.jp,7,24
dcstatic.com,7,21
amia.by,7,7
nakhodka-edu.ru,7,67
lightcyde.agency,7,8
primepro.net,7,7
menak.ru,7,7
korean.go.kr,7,92
edu.vn.ua,7,8
visura.it,7,13
iksv.org,7,31
jsuites.net,7,7
majadahonda.org,7,19
gymmanager.com.pl,7,7
lonestar.edu,7,21
infomity.net,7,33
vnda.dev,7,7
meyerandassoc.com,7,7
uu.nl,7,47
jaxa.jp,7,17
immokarten.de,7,7
ycdc.gov.mm,7,50
uvm.edu,7,28
phimlongtieng.net,7,59
digistorm.com.au,7,7
vivetix.com,7,7
timtul.es,7,64
senior.com.br,7,19
brierweb.net,7,112
kumamoto-net.ne.jp,7,8
corich.jp,7,21
2percentrealty.ca,7,35
citymobile.ch,7,7
asclepiade.fr,7,7
lakeshoreschools.org,7,14
rohilkab.go.id,7,46
chasseauvergnerhonealpes.com,7,12
novasonichub.website,7,7
karangasemkab.go.id,7,11
sunkist.com,7,7
nijmegen.nl,7,13
quebec.qc.ca,7,133
schoolweb.ne.jp,7,43
consul.mn,7,28
clickmedi.co.kr,7,7
duytan.edu.vn,7,34
img.com.ua,7,34
gvltec.edu,7,12
zvonzvon.ru,7,7
pornofilmen.net,7,7
rvb.lt,7,70
unismuh.ac.id,7,24
ubatuba.sp.gov.br,7,7
mthc.com.au,7,138
avanzagrupo.com,7,37
tyo.cm,7,14
inpi.gov.br,7,38
uniud.it,7,17
univ-grenoble-alpes.fr,7,12
upgris.ac.id,7,53
naviabenefits.com,7,126
ecoleouest.com,7,7
scourt.go.kr,7,32
milwaukee.gov,7,11
beautyloungeclinic.co.kr,7,21
yapla.com,7,15
loc.gov,7,90
whistleblowernetwork.net,7,15
sanjuan.gob.ar,7,14
mastercontrol.com,7,7
ese.gov.ae,7,61
volvocars.co.kr,7,7
regione.marche.it,7,210
dlyavkontakte.ru,7,133
seoul.co.kr,7,7
pucsp.br,7,7
expoforum.ru,7,13
mak.ac.ug,7,26
umk.pl,7,103
kentei-service.jp,7,7
laaneranna.ee,7,28
tbg.net.pl,7,7
teroradio.com,7,7
3gokushi.jp,7,17
meistergo.co.kr,7,7
heart.org,7,10
unmul.ac.id,7,124
4bb.ru,7,7
tm.org,7,8
kurs.software,7,7
kemendagri.go.id,7,74
blorakab.go.id,7,39
vospitately.ru,7,21
pixif.jp,7,52
ifpgroupweb.com,7,13
yamaguchi-u.ac.jp,7,25
securesite.jp,7,27
tuiasi.ro,7,15
kiskiarea.com,7,14
vprospekt.de,7,7
madiunkota.go.id,7,13
1001fonts.com,7,7
transparent.ly,7,10
solventum.com,7,7
taichung-travel.com.tw,7,82
cypsd.org,7,7
tantiauniversity.com,7,161
fgtv.com,7,22
nstu.ru,7,57
swu.edu.cn,7,7
delofilarganoil.com,7,14
gjust.ac.in,7,42
referti.cloud,7,14
icam.es,7,7
uemg.br,7,41
kuccps.net,7,13
televes.com,7,7
mskh.am,7,20
unh.edu,7,40
gwangju.go.kr,7,20
quaidesbulles.com,7,7
uwa.edu.au,7,17
minedu.gov.gr,7,26
ksu.edu.sa,7,24
razzamataz.co.uk,7,7
lifestylegroup.ru,7,14
uni-koeln.de,7,27
c21.homes,7,7
libero.com.au,7,8
g3s-alyzia.fr,7,126
brin.go.id,7,86
grupocasaremigio.com,7,14
etec.gov.sa,7,26
salonbiz.com,7,8
openhrcloud.app,7,98
alphaauktion.de,7,35
hometax.go.kr,7,7
sville.us,7,7
unissula.ac.id,7,77
pjpuebla.gob.mx,7,7
forumvi.com,7,7
erasmo.it,7,133
comillaboard.gov.bd,7,82
paymaster.ru,7,7
sproxil.us,7,11
unipg.it,7,30
andalsoftware.com,7,44
adp.com,7,12
chinadaily.com.cn,7,7
keencreative.ca,7,7
equatorialenergia.com.br,7,91
egis.health,7,7
opencampus.net,7,20
mycv.tech,7,7
alaqarya.com,7,98
wda.gov.tw,7,41
myboardmaker.com,7,35
booklikes.com,7,30
delta.com,7,37
ottimax.it,7,21
snubh.org,7,47
oishii.biz,7,7
evingo.com.br,7,76
zaly.online,7,7
stahls.com,7,16
1bb.ru,7,7
cpstatic.ch,7,136
ibkbox.net,7,34
iasp.com.au,7,7
colapsar.ru,7,7
unsa.ba,7,11
aeroport.fr,7,19
saga-u.ac.jp,7,30
uin-alauddin.ac.id,7,22
pwr.edu.pl,7,17
cm-abrantes.pt,7,7
ul.ie,7,24
creativecommons.net,7,119
arccinema.ie,7,21
tommybookingsupport.com,7,7
amp.com.au,7,16
mk.co.kr,7,16
e-teb.com,7,7
sjtu.edu.cn,7,17
mcgill.ca,7,15
grodno.by,7,31
deakin.edu.au,7,11
12000d.jp,7,14
japanpost.jp,7,19
pref.shizuoka.jp,7,71
ecoleouestmtl.com,7,7
santacruz.gob.ar,7,7
maintenances-center.com,7,28
u-tokai.ac.jp,7,26
ms.leg.br,7,57
teacherville.co.kr,7,44
dhbw.de,7,7
twrecruit.com.tw,7,60
rooglub.gov.by,7,7
unasa.edu.sv,7,7
helpspot.com,7,12
arkansas.gov,7,26
ulregion.ru,7,7
parl.ca,7,15
menunova.net,7,70
untad.ac.id,7,17
maplesoft.com,7,7
hondaracingcorporation.com,7,21
hwasun.go.kr,7,9
js.org,7,12
sexpornici.org,7,7
up.nic.in,7,80
instaweb.my,7,12
ncnp.go.jp,7,19
freebsd.org,7,35
riau.go.id,7,88
lotterspine.co.za,7,7
dailyorange.com,7,14
kyowon.co.kr,7,24
chesterfield.com,7,28
uni-saarland.de,7,16
unipi.gr,7,14
nhdream.co.kr,7,63
qmagico.com.br,7,14
gdu.edu.az,7,19
modiscovery.org,7,35
cgshop.com.br,7,7
gdst.net,7,8
hcmus.edu.vn,7,19
iittp.ac.in,7,114
azbil.com,7,23
khmc.or.kr,7,7
uwaterloo.ca,7,18
jones.k12.ga.us,7,35
odisha.gov.in,7,59
schulup.com,7,91
de.rs,7,8
crank-in.net,7,7
inwya.com,7,21
learnondemand.net,7,14
so-net.net.tw,7,15
iprima.cz,7,7
kidstrong.com,7,42
tineco.com,7,14
touristpolice.gov.bd,7,7
uai.cl,7,34
cupe.ca,7,9
ecpay.com.tw,7,19
footbolika.ru,7,7
dkut.ac.ke,7,9
nova.edu.in,7,35
kln.ac.lk,7,35
vapf.com,7,28
cj.net,7,23
caltech.edu,7,23
check-in.jp,7,7
bookwize.com,7,7
technews.tw,7,14
rf.gd,7,11
bialobrzegi.pl,7,7
gwu.edu,7,38
amatorsex.sbs,7,7
jola.hu,7,7
marscar.ru,7,7
itseovn.com,7,7
stream.ne.jp,7,15
u-ryukyu.ac.jp,7,22
visitkorea.or.kr,7,19
pixword.net,7,7
serenesummit.site,7,7
ekomiapps.de,7,7
albany.edu,7,29
electricdaisycarnival.com,7,7
m-teacher.co.kr,7,24
genasys.com,7,7
avtv.mom,7,7
larimer.gov,7,7
balikesir.edu.tr,7,8
mrtkt.ru,7,14
nerim.info,7,13
sch.ac.kr,7,22
turgutreisescort.com,7,7
nmdpra.gov.ng,7,17
valadares.mg.gov.br,7,28
ua.es,7,14
taptoom.com,7,35
videoguide.ro,7,14
claw.ru,7,14
prestotable.co.uk,7,21
urfu.ru,7,19
stankin.ru,7,14
mojekino.sk,7,16
inselserver.de,7,7
hungryapp.co.kr,7,59
eb.mil.br,7,20
iwplay.com.tw,7,10
cinepolis.com.co,7,7
casuwon.or.kr,7,14
mojforum.si,7,7
vicenzae.org,7,10
aichat.site,7,10
totana.es,7,9
reservhotel.com,7,20
krishibank.gov.bd,7,7
gangnam.go.kr,7,13
xtranetb2b.com,7,12
vlib.by,7,7
senado.gob.mx,7,13
ac.bw,7,42
achern.de,7,32
dyu.edu.tw,7,39
animedia.pro,7,7
bkn.go.id,7,23
securedataimages.com,7,7
endo7.net,7,8
grv.org.au,7,21
bookseats.com,7,7
lpaiqsto.org,7,119
inversorglobal.com,7,33
willbes.net,7,7
vodomirural.ru,7,14
portamondial.com,7,7
clickn.co.kr,7,301
okayama-c.ed.jp,7,35
myonlinechart.org,7,14
premiumbull.com,7,7
dartslive.com,7,89
ey.gov.tw,7,31
sidoarjokab.go.id,7,70
educa8.info,7,371
yazhdroptaxi.com,7,630
dom-igrushek.com,7,7
ziz.cl,7,14
museum.go.kr,7,37
arauto.vip,7,7
wmflabs.org,7,8
mozu.com,7,25
orderlemon.com,7,21
one45.com,7,7
t-leo.com,7,24
codepen.io,7,7
lasalle.ec,7,322
chiapas.gob.mx,7,10
nku.edu,7,7
hyundai.com,7,25
colorado.edu,7,23
1-stop.biz,7,14
adventurelanding.com,7,7
buyist.store,7,122
travelandleisure.co.uk,7,7
waanee.com,7,8
iest.info,7,14
navodaya.edu.in,7,8
rexnord.com,7,12
freinet-online.de,7,15
curatorlive.com,7,14
kemnaker.go.id,7,44
srvsite.com,7,8
debian.org,7,13
bvsalud.org,7,11
atara.be,7,7
sd57.bc.ca,7,7
loewenstark.info,7,12
italiani.it,7,7
imedicina.com.br,7,14
shoutbox.com,7,7
casdfalcons.org,7,14
ntua.edu.tw,7,23
lawson.co.jp,7,51
mywebxpress.com,7,371
codev.uk,7,7
arccinema.co.uk,7,21
ceasy.de,7,8
memorialhermann.org,7,7
utk.edu,7,22
idhospital.com,7,20
wpt-online.de,7,11
bunyangnara.kr,7,49
usal.edu.ar,7,15
pulseem.com,7,146
chd.edu.cn,7,7
geckoform.com,7,12
untag-sby.ac.id,7,22
nkust.edu.tw,7,39
pgddienbiendong.edu.vn,7,14
standardprocess.com,7,7
schindler.com,7,7
kcg.gov.tw,7,17
cartagena.es,7,35
weizmann.ac.il,7,59
moe.edu.tw,7,15
fisheries.gov.bd,7,7
atomlms.co.uk,7,77
indta.se,7,14
kimisuite.com,7,14
2calls.ru,7,7
animoetc.com,7,28
urosario.edu.co,7,10
unicen.edu.ar,7,24
finalokullari.com.tr,7,49
umm.ac.id,7,9
ffmadrid.es,7,17
myapply.kr,7,168
niceeat.co,7,7
wealthfront.com,7,12
converti.se,7,7
gfusd.net,7,7
kumonglobal.com,7,8
dynobil.com,7,63
lancmanschool.ru,7,7
key4events.com,7,18
untag-smd.ac.id,7,17
sviesolutions.com,7,7
bbok.ru,7,7
usm.cl,7,7
emat.uk,7,35
ojk.go.id,7,40
itpm.at,7,7
multycourse.com.ua,7,7
rs.ba,7,9
processmaker.net,7,21
josunhotel.com,7,7
its.ac.id,7,29
cinema-city.co.il,7,7
chunjae.co.kr,7,21
ltw.org,7,11
pepitizy.fr,7,91
lasamericas.com.co,7,9
gujgov.edu.in,6,21
govoffice3.com,6,6
uni-obuda.hu,6,15
customs.gov.my,6,23
npu.edu.ua,6,17
uni-due.de,6,15
uoregon.edu,6,8
online-game.com.cn,6,9
umed.pl,6,11
asistenciabogota.com,6,6
pizzarenard.fr,6,12
minedu.gob.pe,6,14
ayto-fuenlabrada.es,6,69
bogorkab.go.id,6,26
ivao.aero,6,32
fmnc.ac.in,6,42
multsistema.com.br,6,54
nationalgrid.co.uk,6,10
tyko.online,6,6
hcmut.edu.vn,6,27
ptcwizard.com,6,18
msu.edu.tr,6,12
ais.ua,6,6
unimal.ac.id,6,17
tln.edu.ee,6,21
fontplus.jp,6,6
jabont.com,6,29
dc.tj,6,26
ecancer.org.tw,6,6
ncl.ac.uk,6,8
merchme.shop,6,12
iisertvm.ac.in,6,18
atriumhealth.org,6,6
dongduk.ac.kr,6,37
evaluationkit.eu,6,6
krzemieniewo.pl,6,50
infobrcorp.com.br,6,12
terrassa.cat,6,11
manyanet.org,6,6
gong.io,6,6
ford.com,6,35
uni-goettingen.de,6,7
livedoor.jp,6,8
shisu.edu.cn,6,6
nao.ac.jp,6,18
agropages.com,6,6
musicforall.org,6,12
mayfairinsurance.africa,6,12
mirkrovly.org,6,12
onceupononline.com,6,6
hmcms.nl,6,10
everyone.net,6,18
sjcu.ac.kr,6,28
col.gob.mx,6,81
belnauka.by,6,36
anglican.org,6,18
pen.go.kr,6,21
uncg.edu,6,16
rambler.ru,6,7
umaryland.edu,6,64
jwu.ac.kr,6,29
gen87.ru,6,6
vnu.edu.vn,6,42
nifty.com,6,45
eriercd.org,6,6
koikeya.co.jp,6,6
tec.mx,6,11
kofia.or.kr,6,10
myaccountstatus.com,6,6
upfit.de,6,6
shop4body.com,6,6
providerlookuponlinesearch.com,6,6
50.by,6,11
amiad.com,6,6
poliwingo.com,6,6
ypgo.net,6,6
pace.edu,6,27
daegu.ac.kr,6,46
yesonvc.com,6,14
lapampa.edu.ar,6,27
thsrc.com.tw,6,62
dothome.co.kr,6,8
mcs.k12.ny.us,6,12
adriasonline.it,6,18
smartimobiliario.com.br,6,60
yamaguchi.lg.jp,6,67
for-next.net,6,6
siam55.asia,6,6
unmsm.edu.pe,6,22
diabetes.org.uk,6,13
gymmanager.io,6,6
tu-berlin.de,6,8
hkhs.com,6,50
infofer.net,6,6
belkraj.by,6,6
his-j.com,6,9
arlington.k12.ma.us,6,6
elon.edu,6,11
colombiaevaluadora.co,6,6
geekoutsnow.com,6,12
cdn.gob.mx,6,8
pucksystems.com,6,28
cantho.gov.vn,6,99
scripts.tools,6,24
unn.ru,6,17
ulm.ac.id,6,25
alltheway.kr,6,15
utar.edu.my,6,6
rideus.net,6,6
cmru.ac.th,6,24
provincia.brescia.it,6,158
k12.nd.us,6,31
idu.ac.id,6,15
isi.ac.id,6,22
mirweb.co.kr,6,10
olocdn.net,6,6
bild.de,6,6
kernel.org,6,6
sofyclub.com,6,10
clinicbuddy.com,6,7
wls.com.br,6,36
jorte.com,6,26
passeum.com,6,14
yokohama.lg.jp,6,37
clps.org,6,6
office-controller.ru,6,6
westrock.com,6,6
salford.ac.uk,6,14
unaerp.br,6,20
kumagaku.ac.jp,6,27
glsd.us,6,6
um.es,6,6
fgsdk12.org,6,6
cssicon.space,6,8
cas.cz,6,28
msme.gov.in,6,19
grupofacilauto.com,6,96
mywellness.com,6,6
cityu.edu.hk,6,69
iro38.ru,6,7
bri.co.id,6,34
pub.ro,6,9
pornokaranje.sbs,6,6
sjn.com,6,6
sp.gov.lk,6,113
to-ho.co.jp,6,16
ucm.cl,6,58
ombiel.co.uk,6,114
cloud-europamundo.com,6,46
gauselmann.com,6,28
glazcentre.ru,6,14
sabah.gov.my,6,40
gov.vu,6,10
rmlauexams.in,6,6
hotelplanner.com,6,9
tkschools.org,6,6
optune.me,6,6
arkadiumhosted.com,6,6
mu.edu.tr,6,14
gvusd.org,6,12
antragsverwaltung.de,6,12
hamburg.de,6,46
elector.pl,6,6
xn--90ab1bi6c.xn--p1ai,6,132
dfshop.com,6,18
city.mizunami.gifu.jp,6,8
correze.net,6,47
lmfriends.xyz,6,6
biqsdrive.be,6,6
thememascot.net,6,12
ukrida.ac.id,6,24
scielo.org,6,26
balmerlawrie.com,6,6
nedbank.co.za,6,6
childrenshealthdefense.org,6,7
asterisque.nl,6,108
sanmar.com,6,6
jcboe.org,6,6
evsd90.org,6,12
staffr.ca,6,102
moleculardevices.com,6,6
mojekarte.si,6,6
nios.ru,6,16
maison-medicale-mellac.fr,6,6
curitiba.pr.gov.br,6,23
olsztyn.eu,6,64
rocketspark.com,6,7
epn.edu.ec,6,58
sunworld.vn,6,6
iau.edu.sa,6,21
zain.com,6,17
parkvia.com,6,11
siigo.com,6,10
delaware.gov,6,25
theatertoolkit.com,6,12
w.org,6,6
boleyntrust.org,6,9
heilsarmee.ch,6,6
elisa.fi,6,7
kattis.com,6,252
vilienhoa.app,6,138
egerton.ac.ke,6,14
mgimo.ru,6,62
bocsci.com,6,15
metrohotels.com.au,6,6
uni-frankfurt.de,6,16
mariedenazareth.com,6,8
amb.cat,6,14
kptm.edu.my,6,26
jente.edu.tw,6,6
playgro.com,6,54
operatorhub.travel,6,288
rongrit.com,6,24
universal-assistance.com,6,36
saitama.lg.jp,6,40
miryang.go.kr,6,18
bashneft-azs.ru,6,18
quadrix.org.br,6,76
joshi-tabi.info,6,18
memberzone.com,6,24
escolateresiana.com,6,7
sunykorea.ac.kr,6,47
unne.edu.ar,6,11
wspot.com.br,6,6
voetjebal.nl,6,12
kominfo.go.id,6,66
hdu.edu.cn,6,6
sakura.ad.jp,6,26
mipt.ru,6,12
theismailiusa.org,6,63
cntd.ru,6,6
laichau.gov.vn,6,11
phidelis.com.br,6,15
edwardsburgpublicschools.org,6,6
kalteng.go.id,6,27
reteluna.it,6,6
imobflow.com.br,6,6
kochi-u.ac.jp,6,15
nauss.edu.sa,6,15
halla.ac.kr,6,21
stmjournals.in,6,36
vanalstyneisd.org,6,12
boy.jp,6,25
sonora.gob.mx,6,18
gouv.ne,6,15
veyo.com,6,18
lmn.su,6,6
fan.bz,6,12
queensu.ca,6,17
goeyj.kr,6,24
animadomus.pt,6,29
eol.cn,6,282
astana-bilim.kz,6,19
unpas.ac.id,6,26
carronovo.com.br,6,38
